track_name,artist(s)_name,artist_count,released_year,released_month,released_day,in_spotify_playlists,streams,in_apple_playlists,bpm,key,mode,danceability_%
Seven feat Latto Explicit Ver,Latto Jung Kook,2,2023,7,14,553,141381703,43,125,B,Major,80
LALA,Myke Towers,1,2023,3,23,1474,133716286,48,92,C,Major,71
vampire,Olivia Rodrigo,1,2023,6,30,1397,140003974,94,138,F,Major,51
Cruel Summer,Taylor Swift,1,2019,8,23,7858,800840817,116,170,A,Major,55
WHERE SHE GOES,Bad Bunny,1,2023,5,18,3133,303236322,84,144,A,Minor,65
Sprinter,Dave Central Cee,2,2023,6,1,2186,183706234,67,141,C,Major,92
Ella Baila Sola,Eslabon Armado Peso Pluma,2,2023,3,16,3090,725980112,34,148,F,Minor,67
Columbia,Quevedo,1,2023,7,7,714,58149378,25,100,F,Major,67
fukumean,Gunna,1,2023,5,15,1096,95217315,60,130,C,Minor,85
La Bebe  Remix,Peso Pluma Yng Lvcas,2,2023,3,17,2953,553634067,49,170,D,Minor,81
un x100to,Bad Bunny Grupo Frontera,2,2023,4,17,2876,505671438,41,83,F,Minor,57
Super Shy,NewJeans,1,2023,7,7,422,58255150,37,150,F,Minor,78
Flowers,Miley Cyrus,1,2023,1,12,12211,1316855716,300,118,nan,Major,71
Daylight,David Kushner,1,2023,4,14,3528,387570742,80,130,D,Minor,51
As It Was,Harry Styles,1,2022,3,31,23575,2513188493,403,174,F,Minor,52
Kill Bill,SZA,1,2022,12,8,8109,1163093654,183,89,G,Major,64
Cupid  Twin Ver,Fifty Fifty,1,2023,2,24,2942,496795686,91,120,B,Minor,78
What Was I Made For From The Motion Picture Barbie,Billie Eilish,1,2023,7,13,873,30546883,80,78,nan,Major,44
Classy 101,Feid Young Miko,2,2023,3,31,2610,335222234,43,100,B,Major,86
Like Crazy,Jimin,1,2023,3,24,596,363369738,8,120,G,Major,63
LADY GAGA,Gabito Ballesteros Junior H Peso Pluma,3,2023,6,22,332,86444842,11,140,F,Minor,65
I Can See You Taylors Version From The ,Taylor Swift,1,2023,7,7,516,52135248,73,123,F,Major,69
I Wanna Be Yours,Arctic Monkeys,1,2013,1,1,12859,1297026226,24,135,nan,Minor,48
Peso Pluma Bzrp Music Sessions Vol 55,Bizarrap Peso Pluma,2,2023,5,31,1313,200647221,17,133,F,Minor,85
Popular with Playboi Carti  Madonna  The Idol Vol 1 Music from the HBO Original Series,The Weeknd Madonna Playboi Carti,3,2023,6,2,1945,115364561,74,99,C,Major,85
SABOR FRESA,Fuerza Regida,1,2023,6,22,250,78300654,16,130,G,Minor,79
Calm Down with Selena Gomez,Rma Selena G,2,2022,3,25,7112,899183384,202,107,B,Major,80
MOJABI GHOST,Tainy Bad Bunny,2,2023,6,29,859,61245289,35,122,F,Minor,81
Last Night,Morgan Wallen,1,2023,1,31,2420,429829812,52,204,F,Major,52
Dance The Night From Barbie The Album,Dua Lipa,1,2023,5,25,2988,127408954,0,110,B,Minor,67
Rush,Troye Sivan,1,2023,7,13,864,22581161,71,126,F,Minor,74
TULUM,Peso Pluma Grupo Frontera,2,2023,6,28,266,52294266,20,168,F,Major,56
Creepin,The Weeknd 21 Savage Metro Boomin,3,2022,12,2,6036,843957510,113,98,C,Minor,71
AntiHero,Taylor Swift,1,2022,10,21,9082,999748277,242,97,E,Major,64
TQG,Karol G Shakira,2,2023,2,23,4284,618990393,115,180,E,Minor,72
Los del Espacio,Big One Duki Lit Killah Maria Becerra FMK Rusherking Emilia Tiago pzk,8,2023,6,1,1150,123122413,22,120,nan,Major,81
Frgil feat Grupo Front,Yahritza Y Su Esencia Grupo Frontera,2,2023,4,7,672,188933502,19,150,F,Major,61
Blank Space,Taylor Swift,1,2014,1,1,11434,1355959075,154,96,F,Major,75
Style,Taylor Swift,1,2014,1,1,7830,786181836,94,95,D,Major,60
TQM,Fuerza Regida,1,2023,5,19,584,176553476,16,125,F,Minor,79
El Azul,Junior H Peso Pluma,2,2023,2,10,692,354495408,10,144,A,Minor,56
Sunflower  SpiderMan Into the SpiderVerse,Post Malone Swae Lee,2,2018,10,9,24094,2808096550,372,90,D,Major,76
Im Good Blue,Bebe Rexha David Guetta,2,2022,8,26,12482,1109433169,291,128,G,Minor,56
See You Again,Tyler The Creator Kali Uchis,3,2017,7,21,13387,1047101291,77,79,F,Major,56
Barbie World with Aqua From Barbie The Album,Nicki Minaj Aqua Ice Spice,3,2023,6,23,1117,65156199,82,144,nan,Major,77
Angels Like You,Miley Cyrus,1,2020,11,27,3372,570515054,65,122,F,Major,67
I Aint Worried,OneRepublic,1,2022,5,13,8431,1085685420,241,140,nan,Major,71
Die For You,The Weeknd,1,2016,11,24,2483,1647990401,68,134,C,Minor,59
Starboy,The Weeknd Daft Punk,2,2016,9,21,29536,2565529693,281,186,G,Major,68
Die For You  Remix,Ariana Grande The Weeknd,2,2023,2,24,3408,518745108,87,67,C,Minor,53
El Cielo,Feid Myke Towers Sky Rompiendo,3,2023,6,2,1298,107753850,44,106,A,Minor,72
Baby Dont Hurt Me,David Guetta AnneMarie Coi Leray,3,2023,4,6,4277,177740666,145,128,G,Major,60
AMARGURA,Karol G,1,2023,2,24,1133,153372011,14,107,F,Minor,92
It Goes Like Nanana  Edit,Peggy Gou,1,2023,6,15,2259,57876440,0,130,G,Minor,67
Another Love,Tom Odell,1,2012,10,15,18371,1813673666,250,123,E,Minor,45
Blinding Lights,The Weeknd,1,2019,11,29,43899,3703895074,672,171,C,Major,50
Moonlight,Kali Uchis,1,2023,2,24,2649,256483385,67,137,G,Minor,64
La Bachata,Manuel Turizo,1,2022,5,26,6804,1214083358,139,125,G,Minor,84
S91,Karol G,1,2023,7,14,525,16011326,34,128,nan,Minor,86
cardigan,Taylor Swift,1,2020,7,24,7923,812019557,106,130,nan,Minor,61
T,dennis MC Kevin o Chris,2,2023,5,4,731,111947664,27,130,B,Major,86
Boys a liar Pt 2,PinkPantheress Ice Spice,2,2023,2,3,5184,156338624,154,133,F,Major,70
Left and Right Feat Jung Kook of BTS,Charlie Puth BTS Jung Kook,3,2022,6,24,3107,720434240,38,101,D,Major,88
BESO,Rauw Alejandro ROSAL,2,2023,3,24,4053,357925728,82,95,F,Minor,77
Hey Mor,Ozuna Feid,2,2022,10,6,4637,674072710,63,98,C,Minor,90
Yellow,Chris Molitor,1,1999,1,1,31358,1755214421,196,173,B,Major,43
Karma,Taylor Swift,1,2022,10,21,3818,404562836,37,90,G,Major,64
People,Libianca,1,2022,12,2,3506,373199958,105,198,A,Minor,59
Overdrive,Post Malone,1,2023,7,14,410,14780425,36,140,C,Major,56
Enchanted Taylors Version,Taylor Swift,1,2023,7,7,148,39578178,32,82,G,Major,51
BABY HELLO,Rauw Alejandro Bizarrap,2,2023,6,23,1004,54266102,42,130,C,Minor,77
Heat Waves,Glass Animals,1,2020,6,28,22543,2557975762,386,81,B,Major,76
golden hour,JVKE,1,2022,7,15,4511,751134527,70,94,C,Minor,51
Sweater Weather,The Neighbourhood,1,2012,5,14,16413,2282771485,166,124,A,Major,61
Quevedo Bzrp Music Sessions Vol 52,Bizarrap Quevedo,2,2022,7,6,8506,1356565093,94,128,D,Major,62
Viva La Vida,Coldplay,1,2008,1,1,33898,1592909789,233,138,F,Minor,49
Here With Me,d4vd,1,2022,7,17,3246,635412045,94,132,E,Major,58
Unholy feat Kim Petras,Sam Smith Kim Petras,2,2022,9,22,8576,1230675890,216,131,D,Major,71
Yandel 150,Yandel Feid,2,2022,12,20,3618,585695368,47,168,F,Minor,78
CORAZN VA,Maria Becerra,1,2023,6,22,370,43857627,12,98,C,Major,68
Riptide,Vance Joy,1,1975,1,1,31123,2009094673,300,102,C,Major,48
Until I Found You with Em Beihold  Em Beihold Version,Em Beihold Stephen Sanchez,2,2022,4,22,2790,600976848,60,101,A,Major,34
Novidade na ,Mc Livinho DJ Matt D,2,2023,6,23,267,39709092,9,130,F,Major,63
Back To December Taylors Version,Taylor Swift,1,2023,7,7,139,39228929,16,142,D,Major,50
STAY with Justin Bieber,Justin Bieber The Kid Laroi,2,2021,7,9,17050,2665343922,492,170,C,Major,59
El Merengue,Marshmello Manuel Turizo,2,2023,3,3,2114,223633238,80,124,G,Minor,78
Someone You Loved,Lewis Capaldi,1,2018,11,8,17836,2887241814,440,110,C,Major,50
Me Porto Bonito,Chencho Corleone Bad Bunny,2,2022,5,6,8870,1440757818,104,92,C,Minor,91
Makeba,Jain,1,2015,6,22,6060,165484133,150,116,D,Major,82
MONTAGEM  FR PUNK,Ayparia unxbected,2,2012,6,20,641,58054811,1,129,A,Major,63
Fast Car,Luke Combs,1,2023,3,24,1446,157058870,57,98,G,Major,71
What It Is Solo Version,Doechii,1,2023,3,17,804,95131998,29,172,C,Minor,74
Coco Chanel,Bad Bunny Eladio Carrion,2,2023,3,17,1962,250305248,28,150,D,Major,68
Dont Bl,Taylor Swift,1,2017,11,8,4875,685032533,19,136,A,Minor,62
Still With You,Jung Kook,1,2020,6,5,31,38411956,2,88,C,Minor,53
All My Life feat J Cole,J Cole Lil Durk,2,2023,5,12,2175,144565150,69,143,D,Major,83
Say Yes To Heaven,Lana Del Rey,1,2023,3,17,2000,127567540,49,100,F,Minor,49
Snooze,SZA,1,2022,12,9,2839,399686758,58,143,F,Major,56
Summertime Sadness,Lana Del Rey,1,2011,1,1,20333,983637508,89,112,C,Minor,56
Take Two,BTS,1,2023,6,9,674,118482347,20,93,G,Major,62
Lover,Taylor Swift,1,2012,1,1,8448,882831184,160,206,G,Major,43
Too Many Nights feat Don Toliver  with Future,Future Metro Boomin Don Toliver,3,2022,12,2,2110,286400165,17,88,G,Minor,68
Chemical,Post Malone,1,2023,4,14,2528,172825906,56,170,D,Major,50
Mockingbird,Eminem,1,2004,1,1,12985,1241559043,49,84,E,Minor,62
New Jeans,NewJeans,1,2023,7,7,77,29562220,8,134,E,Minor,81
Primera Cita,Carin Leon,1,2022,4,20,266,77309611,6,158,A,Major,54
Cold Heart  PNAU Remix,Dua Lipa Elton John Pnau,3,2017,11,10,21097,1605224506,384,116,C,Major,80
Dandelions,Ruth B,1,2017,4,28,3423,1116995633,41,117,C,Major,61
Bones,Imagine Dragons,1,2021,3,11,4198,838079900,98,114,F,Minor,77
Set Fire to the Rain,Adele,1,2011,1,1,14739,1163620694,88,108,D,Minor,61
Money Trees,Kendrick Lamar Jay Rock,2,2012,1,1,26792,1093605526,69,144,E,Minor,74
Tak Segampang Itu,Anggi Marito,1,2022,12,2,213,179659294,7,130,F,Major,51
LAGUNAS,Jasiel Nuez Peso P,2,2023,6,22,58,39058561,2,116,B,Major,77
Mine Taylors Version,Taylor Swift,1,2023,7,7,99,36912123,21,121,G,Major,65
Everybody Wants To Rule The World,Tears For Fears,1,1985,2,17,41751,1205951614,101,112,G,Major,64
No Role Modelz,J Cole,1,2014,12,9,21164,1791000570,80,100,A,Minor,70
Tattoo,Loreen,1,2023,2,25,2988,201660859,74,150,D,Minor,55
Rara Vez,Taiu Milo j,2,2023,2,8,893,248088961,19,120,F,Minor,84
VAGABUNDO,Sebastian Yatra Manuel Turizo Be,3,2023,5,12,1094,90839753,40,127,B,Minor,82
august,Taylor Swift,1,2020,7,24,7324,607123776,25,90,F,Major,51
LUNA,Junior H Peso Pluma,2,2023,6,22,201,55842345,19,128,A,Minor,75
Miracle with Ellie Goulding,Calvin Harris Ellie Goulding,2,2023,3,10,5120,211050784,161,143,A,Major,64
Nonsense,Sabrina Carpenter,1,2022,7,15,2346,342897938,69,139,G,Major,74
Que Vuelvas,Carin Leon Grupo Frontera,2,2022,12,9,763,2762,21,162,A,Major,49
Por las Noches,Peso Pluma,1,2021,6,11,457,330346424,8,92,nan,Major,81
Feliz Cumpleaos Fe,Feid,1,2022,8,19,3430,601863821,45,95,F,Major,87
Cant Hold Us feat Ray Dalton,Ray Dalton Ryan Lewis Macklemore,3,2011,8,16,6074,1953533826,201,146,D,Major,63
Watermelon Sugar,Harry Styles,1,2019,11,17,21915,2322580122,437,95,nan,Major,55
lovely  Bonus Track,Billie Eilish Khalid,2,2017,8,11,15032,2355719893,221,115,E,Minor,35
Rauw Alejandro Bzrp Music Sessions Vol 56,Rauw Alejandro Bizarrap,2,2023,6,21,871,66902503,25,128,B,Major,78
Queencard,GIDLE,1,2023,5,15,451,96273746,10,130,E,Minor,82
OMG,NewJeans,1,2023,1,2,1783,430977451,26,127,A,Minor,80
Radio,Lana Del Rey,1,2011,1,1,9389,284819874,24,150,D,Major,42
Shakira Bzrp Music Sessions Vol 53,Shakira Bizarrap,2,2023,1,11,5724,721975598,119,122,D,Minor,78
505,Arctic Monkeys,1,2007,4,20,13985,1217120710,30,140,nan,Major,52
Calling SpiderMan Across the SpiderVerse Metro Boomin  Swae Lee NAV feat A Boogie Wit da Hoodie,Swae Lee A Boogie Wit da Hoodie Metro Boomin NAV,4,2023,6,2,1051,109276132,31,140,nan,Major,63
Trance with Travis Scott  Young Thug,Travis Scott Young Thug Metro Boomin,3,2022,12,2,1682,276259178,24,119,C,Minor,75
Tere Vaaste From Zara Hatke Zara Bachke,SachinJigar Shadab Faridi Altamash Faridi Amitabh Bhattacharya Varun Jain,5,2023,5,22,182,54225632,3,110,G,Minor,76
Perfect,Ed Sheeran,1,2017,1,1,16596,2559529074,7,95,G,Major,60
Romantic Homicide,d4vd,1,2022,7,20,2335,681583126,82,132,F,Major,56
Believer,Imagine Dragons,1,2017,1,31,18986,2594040133,250,125,A,Minor,77
Novo Balan,Veigh Bvga Beatz Supernova Ent Prod Malax,4,2023,5,19,283,81102253,6,124,D,Minor,84
Gol Bolinha Gol Quadrado 2,Mc Pedrinho DJ 900,2,2023,6,1,293,11956641,5,133,B,Minor,93
Without Me,Eminem,1,2002,1,1,21081,1687664027,98,112,G,Major,92
QUEMA,Sog Ryan Castro Peso Pluma,3,2023,7,13,437,11599388,17,97,nan,Major,79
Stargirl Interlude,The Weeknd Lana Del Rey,2,2016,11,24,1275,611700552,13,90,F,Minor,59
Ojitos Lindos,Bomba Estreo Bad B,2,2022,5,6,6135,1133865788,71,80,D,Minor,65
Somewhere Only We Know,Keane,1,2004,1,1,20015,1089402494,107,172,A,Major,45
Those Eyes,New West,1,2019,5,10,1507,411747614,24,120,E,Major,60
El Gordo Trae El Mando,Chino Pacas,1,2023,1,27,539,255932395,7,140,G,Minor,74
Mi Bello Angel,Natanael Cano,1,2023,6,30,86,31873544,7,128,A,Minor,81
Bye,Peso Pluma,1,2023,5,26,324,95053634,13,122,nan,Major,78
Danza Kuduro,Don Omar Lucenzo,2,2010,1,1,17138,1279434863,119,130,nan,Major,47
Nosso Quadro,Ana Castela AgroPlay,2,2023,2,2,894,233801632,14,160,A,Major,69
Locked Out Of Heaven,Bruno Mars,1,2012,12,5,1622,1481349984,0,144,F,Major,73
Un Finde  CROSSOVER 2,Big One FMK Ke personajes,3,2023,4,4,561,142095275,4,192,B,Major,50
Jimmy Cooks feat 21 Savage,Drake 21 Savage,2,2022,6,17,5871,618885532,81,163,nan,Major,54
Counting Stars,OneRepublic,1,2013,1,1,29215,2011464183,179,122,C,Minor,66
Ghost,Justin Bieber,1,2021,3,19,5866,1167330737,107,154,D,Major,61
Under The Influence,Chris Brown,1,2019,10,4,3859,929964809,133,117,A,Minor,73
PRC,Natanael Cano Peso Pluma,2,2023,1,23,961,436027885,19,138,G,Minor,78
Gasolina,Daddy Yankee,1,2004,7,13,6457,657723613,98,96,nan,Major,86
One Dance,Drake WizKid Kyla,3,2016,4,4,43257,2713922350,433,104,C,Major,77
Enchanted,Taylor Swift,1,2010,1,1,4564,621660989,24,164,G,Major,45
Save Your Tears,The Weeknd,1,2020,3,20,12688,1591223784,197,118,nan,Major,68
Sure Thing,Miguel,1,2010,5,25,13801,950906471,137,81,B,Minor,68
Every Breath You Take  Remastered 2003,The Police,1,1983,1,6,22439,1593270737,211,117,C,Major,82
The Night We Met,Lord Huron,1,2015,2,2,18515,1410088830,70,174,D,Major,45
We Found Love,Rihanna Calvin Harris,2,2011,1,1,36843,1235005533,321,128,C,Major,73
When I Was Your Man,Bruno Mars,1,2012,12,5,2420,1661187319,0,145,nan,Major,60
Let Me Down Slowly,Alec Benjamin,1,2018,5,25,5897,1374581173,0,150,C,Minor,65
Am I Dreaming Metro Boomin  AAP Rocky Roisee,AAP Rocky Metro Boomin Roisee,3,2023,6,2,727,94186466,17,90,A,Minor,60
Do I Wanna Know,Arctic Monkeys,1,2013,1,1,33783,1788326445,133,85,F,Major,55
Demons,Imagine Dragons,1,2012,1,1,26694,1840364617,65,180,D,Major,33
,YOASOBI,1,2023,4,12,356,143573775,35,166,C,Major,57
Reminder,The Weeknd,1,2016,11,25,6518,684675814,45,160,G,Major,71
Shake It Off,Taylor Swift,1,2014,1,1,21335,1113838873,328,160,G,Major,65
Whyd You Only Call Me When Youre High,Arctic Monkeys,1,2013,1,1,23389,1267333350,54,92,D,Major,70
SNAP,Rosa Linn,1,2022,3,19,3202,726307468,148,170,nan,Major,56
Shape of You,Ed Sheeran,1,2017,1,6,32181,3562543890,33,96,C,Minor,83
Night Changes,One Direction,1,2014,11,17,7124,1131090940,60,120,G,Major,67
Fin de Semana,Oscar Maydon Junior H,2,2023,1,13,592,307370144,11,98,nan,Major,70
Creep,Radiohead,1,1992,9,21,36724,1271293243,146,92,G,Major,53
Cars Outside,James Arthur,1,2019,10,18,794,265882712,38,150,A,Major,34
Apocalypse,Cigarettes After Sex,1,2017,3,21,13091,841749534,61,94,F,Major,37
Cheques,Shubh,1,2023,5,19,67,47956378,7,90,E,Minor,74
Pink  White,Frank Ocean,1,2016,8,20,21574,806397070,112,160,A,Major,54
Circles,Post Malone,1,2019,8,30,19664,2132335812,391,120,nan,Major,70
Just The Way You Are,Bruno Mars,1,2010,1,1,21106,1641426668,82,109,F,Major,63
Take Me To Church,Hozier,1,2013,9,13,23804,2135158446,187,129,E,Minor,57
Bebe Dame,Fuerza Regida Grupo Frontera,2,2022,12,16,849,367316268,27,157,G,Major,54
You Belong With Me Taylors Ve,Taylor Swift,1,2021,4,9,2619,350381515,47,130,F,Major,63
Titi Me Pregunt,Bad Bunny,1,2022,5,6,9037,1264310836,124,107,F,Minor,65
Better Than Revenge Taylors Version,Taylor Swift,1,2023,7,7,86,30343206,3,146,B,Minor,50
Shut up My Moms Calling,Hotel Ugly,1,2020,2,10,1788,405136812,1,139,A,Minor,48
Have You Ever Seen The Rain,Creedence Clearwater Revival,1,1968,7,1,15890,1145727611,71,116,nan,Major,74
Es un Secreto,Plan B,1,2010,7,20,492,540654286,4,95,F,Minor,84
POLARIS  Remix,Feid Mora Saiko Quevedo,4,2023,6,8,773,57312735,20,170,G,Minor,62
Ditto,NewJeans,1,2022,12,19,1154,397582059,28,134,F,Minor,81
Take On Me,aha,1,1984,10,19,44927,1479115056,34,84,F,Minor,57
Annihilate SpiderMan Across the SpiderVerse Metro Boomin  Swae Lee Lil Wayne Offset,Swae Lee Lil Wayne Offset Metro Boomin,4,2023,6,2,551,86773632,13,146,B,Minor,61
Angel Pt 1 feat Jimin of BTS JVKE  Muni Long,Kodak Black NLE Choppa Muni Long JVKE Jimin,5,2023,5,1,577,133753727,22,74,A,Minor,53
Acrs,Shakira,1,2023,5,11,955,123124076,37,144,B,Major,75
AMG,Natanael Cano Gabito Ballesteros Peso Pluma,3,2022,11,24,995,463564958,12,136,B,Minor,77
Phir Aur Kya Chahiye From Zara Hatke Zara Bachke,Arijit Singh SachinJigar Amitabha Bhattacharya,3,2023,5,15,178,64533040,6,100,E,Major,56
SClass,Stray Kids,1,2023,6,2,290,65496046,9,105,F,Minor,89
Hits Different,Taylor Swift,1,2023,5,26,547,68616963,15,106,F,Major,67
Chanel,Becky G Peso Pluma,2,2023,3,30,681,161460990,15,132,D,Major,85
Self Love SpiderMan Across the SpiderVerse Metro Boomin  Coi Leray,Metro Boomin Coi Leray,2,2023,6,2,332,70106975,18,120,A,Major,78
Area Codes,Kaliii Kaliii,2,2023,3,17,1197,113509496,44,155,C,Major,82
Abcdario,Junior H Eden Mu,2,2023,5,13,262,89933133,8,129,G,Major,70
Obsessed,Abhijay Sharma Riar Saab,2,2022,9,29,161,71007139,10,135,F,Minor,80
Piman De,Semicenk Dou ,2,2023,6,2,185,43522589,5,98,A,Minor,73
FLOWER,JISOO,1,2023,3,31,839,232896922,20,124,A,Minor,84
All The Way Live SpiderMan Across the SpiderVerse Metro Boomin  Future Lil Uzi Vert,Future Lil Uzi Vert Metro Boomin,3,2023,6,2,259,37126685,5,135,A,Minor,77
Eyes Closed,Ed Sheeran,1,2023,3,23,2915,195576623,116,107,D,Major,78
Escapism,RAYE 070 Shake,2,2022,10,12,5129,532336353,116,96,D,Major,54
La Jumpa,Arcangel Bad Bunny,2,2022,11,30,3794,538115192,47,123,G,Major,71
Karma feat Ice Spice,Taylor Swift Ice Spice,2,2023,5,26,588,46142772,23,90,G,Major,62
Superhero Heroes  Villains with Future  Chris Brown,Future Chris Brown Metro Boomin,3,2022,12,2,2959,401036314,41,117,F,Minor,72
Las Morras,BLESSD Peso Pluma,2,2023,4,4,291,127026613,8,133,A,Minor,78
CHORRITO PA LAS ANIMAS,Feid,1,2022,12,2,2321,345031710,29,96,G,Minor,74
Ch y la Pizza,Fuerza Regida Natanael Cano,2,2022,12,1,536,288101651,10,149,G,Major,66
Snow On The Beach feat More Lana Del Rey,Lana Del Rey Taylor Swift,2,2023,5,26,359,60350538,1,110,F,Minor,66
Players,Coi Leray,1,2022,11,30,4096,335074782,118,105,F,Major,95
Bite Me,ENHYPEN,1,2023,5,22,349,76767396,8,105,C,Major,80
Stand By Me feat Morgan Wallen,Lil Durk Morgan Wallen,2,2023,5,26,381,46065667,23,134,B,Major,76
Normal,Feid,1,2022,7,8,2461,459276435,47,170,E,Minor,71
Hummingbird Metro Boomin  James Blake,James Blake Metro Boomin,2,2023,6,2,277,39666245,1,81,F,Major,59
Seu Brilho Sumiu  Ao Vivo,Israel  Rodolffo Mari Fernandez,2,2023,3,1,967,138517666,7,154,F,Major,63
Bad Habit,Steve Lacy,1,2022,6,29,8186,822633917,155,169,C,Major,69
CUFF IT,Beyonc,1,2022,7,29,7842,595900742,215,115,G,Major,78
Lilith feat SUGA of BTS Diablo IV Anthem,Halsey Suga,2,2023,6,5,215,51985779,6,84,A,Minor,43
69,Nicky Jam Feid,2,2023,5,18,1134,57945987,39,93,G,Major,79
Nia Bo,Sean Paul Feid,2,2023,4,21,1305,115010040,29,91,G,Major,82
Search  Rescue,Drake,1,2023,4,7,2066,175097833,58,142,A,Minor,82
AMERICA HAS A PROBLEM feat Kendrick Lamar,Kendrick Lamar Beyonc,2,2023,5,19,896,57089066,34,126,C,Major,78
Lavender Haze,Taylor Swift,1,2022,10,21,3763,488386797,51,97,A,Major,73
Link Up Metro Boomin  Don Toliver Wizkid feat BEAM  Toian  SpiderVerse Remix SpiderMan Across the SpiderVerse ,WizKid Toian Metro Boomin Don Toliver Beam,5,2023,6,2,197,32761689,3,101,F,Major,92
Efecto,Bad Bunny,1,2022,5,6,4004,1047480053,34,98,G,Minor,80
Erro Gostoso  Ao Vivo,Simone Mendes,1,2023,1,27,984,153454328,8,154,F,Major,59
Cupido,Tini,1,2023,2,14,1240,217672943,51,120,A,Major,91
Just Wanna Rock,Lil Uzi Vert,1,2022,10,17,3995,457184829,72,150,B,Major,49
Unstoppable,Sia,1,2016,1,21,7681,939844851,119,174,A,Major,47
Until I Found You,Stephen Sanchez,1,2021,9,1,4427,726434358,69,202,A,Major,34
Rich Flex,Drake 21 Savage,2,2022,11,4,4657,573633020,84,153,B,Minor,56
Easy On Me,Adele,1,2021,10,14,10195,1406111294,258,142,F,Major,60
Carto B,MC Caverinha KayBlack,2,2023,5,11,269,71573339,7,108,A,Minor,84
Danger Spider Offset  JID,Offset JID,2,2023,6,2,214,24975653,3,143,B,Major,83
Oi Balde  Ao Vivo,Z Neto  Crist,1,2023,2,14,845,145458418,12,108,D,Major,67
The Real Slim Shady,Eminem,1,2000,1,1,20763,1424589568,81,104,F,Minor,95
MERCHO,Migrantes LiL CaKe Nico Valdi,3,2022,12,16,1267,231332117,41,93,F,Minor,84
The Color Violet,Tory Lanez,1,2021,12,10,2585,415932686,3,105,F,Minor,65
Glimpse of Us,Joji,1,2022,6,10,6330,988515741,109,170,G,Major,44
Mejor Que Yo,Mambo Kingz DJ Luian Anuel Aa,3,2023,5,4,675,50847624,9,178,C,Minor,62
Curtains,Ed Sheeran,1,2023,5,5,715,39893489,37,176,F,Minor,50
UNFORGIVEN feat Nile Rodgers,Nile Rodgers LE SSERAFIM,2,2023,5,1,327,92035115,14,104,E,Minor,80
Haegeum,Agust D,1,2023,4,21,244,118810253,6,85,G,Major,70
Conexes de Mfia feat Rich ,Rich The Kid Matu,2,2023,4,30,385,77233241,17,117,F,Minor,77
MIENTRAS ME CURO DEL CORA,Karol G,1,2023,2,24,1020,206399629,15,80,nan,Major,52
Never Felt So Alone,Labrinth,1,2023,4,7,1730,117747907,46,98,F,Major,44
X SI VOLVEMOS,Karol G Romeo Santos,2,2023,2,2,2127,266624541,45,178,C,Minor,79
ceilings,Lizzy McAlpine,1,2022,4,8,3242,293186992,67,148,A,Major,51
Cupid,Fifty Fifty,1,2023,2,24,526,139681964,15,120,D,Major,77
I AM,IVE,1,2023,4,10,366,123132751,16,122,E,Minor,68
Cupid  Twin Ver FIFTY FIFTY  Spe,sped up 8282,1,1997,1,1,472,103762518,0,144,F,Major,74
Shorty Party,Cartel De Santa La Kelly,2,2023,3,4,432,162887075,8,96,D,Major,93
Super,SEVENTEEN,1,2023,4,24,271,91221625,16,137,G,Major,77
Slut Me Out,NLE Choppa,1,2022,4,22,816,190490915,21,121,F,Minor,94
Double Fantasy with Future,The Weeknd Future,2,2023,4,21,1169,96180277,36,119,A,Minor,60
All Of The Girls You Loved Before,Taylor Swift,1,2019,8,23,1282,185240616,26,96,D,Major,72
PROVENZA,Karol G,1,2022,4,21,6587,885093467,114,111,C,Major,87
Princess Diana with Nicki Minaj,Nicki Minaj Ice Spice,2,2023,4,14,1444,104992946,0,148,A,Major,90
Di Que Si,Grupo Marca Registrada Grupo Frontera,2,2023,2,3,356,147290338,4,182,A,Major,57
Shivers,Ed Sheeran,1,2021,9,9,10147,1302184087,234,141,D,Major,79
Igualito a Mi Ap,Fuerza Regida Peso Pluma,2,2022,12,30,265,158950978,8,145,E,Minor,76
Shoong feat LISA of BLACKPINK,TAEYANG Lisa,2,2023,4,25,351,76910644,16,110,B,Minor,76
Komang,Raim Laode,1,2022,8,16,158,137123880,5,134,G,Major,70
DESPECH,ROSAL,1,2022,7,28,7613,782369383,180,130,G,Major,92
Made You Look,Meghan Trainor,1,2022,10,21,3956,502574952,142,145,A,Major,84
Watch This  ARIZONATEARS Pluggnb Remix,sped up nightcore ARIZONATEARS Lil Uzi Vert,3,2023,2,5,1638,207033255,0,130,B,Minor,69
No Se Va,Grupo Frontera,1,2022,4,28,924,404887295,17,173,nan,Major,59
Punto G,Quevedo,1,2022,11,4,1985,381161027,34,92,B,Minor,75
Lovers Rock,TV Girl,1,2014,6,5,6339,466231982,3,105,F,Minor,56
METAMORPHOSIS,INTERWORLD,1,2021,11,25,1561,357580552,18,175,G,Minor,59
Mami Chula,Quevedo Jhayco,2,2023,4,27,875,61105704,17,120,G,Minor,80
En Paris,El Chachito Junior H,2,2022,12,24,406,198275403,3,139,D,Minor,70
Set Me Free Pt2,Jimin,1,2023,3,17,340,168448603,4,132,nan,Minor,59
I Was Never There,The Weeknd Gesaffelstein,2,2018,3,29,4188,705469769,30,114,A,Major,32
Dont ever say love me feat RM of BTS,RM Colde,2,2023,5,4,105,34502215,5,145,B,Minor,54
Shut Down,BLACKPINK,1,2022,9,16,1524,482175240,53,110,nan,Major,82
Gato de Noche,Nengo Flow Bad Bunny,2,2022,12,22,2651,304118600,21,94,G,Major,89
Call Out My Name,The Weeknd,1,2018,3,29,11087,1449799467,151,134,C,Major,45
Like Crazy English Version,Jimin,1,2023,3,24,373,173627354,4,120,G,Major,62
Rosa Pastel,Jasiel Nuez Peso P,2,2023,2,2,200,90025258,8,123,G,Minor,70
Sunroof,Nicky Youre Dazy,2,2021,12,3,3741,652704649,156,131,A,Major,77
Lose Yourself  Soundtrack Version,Eminem,1,2002,1,1,32502,1829992958,247,171,D,Major,70
Superman,Eminem Dina Rae,2,2002,5,26,7615,655466831,18,130,E,Minor,80
Mas Rica Que Ayer,Mambo Kingz DJ Luian Anuel Aa,3,2023,3,2,1208,146409671,10,94,B,Major,82
People Pt2 feat IU,IU Agust D,2,2023,4,7,209,95816024,4,89,G,Minor,73
REMIX EXCLUSIVO,Feid,1,2023,3,17,1235,117206995,20,87,F,Minor,65
Arcngel Bzrp Music Sessions Vol,Arcangel Bizarrap,2,2023,3,22,654,100409613,11,124,B,Minor,72
DOGTOOTH,Tyler The Creator,2,2023,3,27,1479,80758350,23,78,G,Major,71
1035,Tisto Tate M,2,2022,11,1,4942,325592432,190,120,G,Major,70
SORRY NOT SORRY,Tyler The Creator,2,2023,3,31,709,58473276,8,96,F,Minor,48
HAPPY,NF,1,2023,3,25,660,52722996,22,106,G,Major,73
La Bebe,Yng Lvcas,1,2021,12,24,489,191945597,4,170,D,Minor,78
I Know  PR1SVX Edit,Kanii PR1ISVX,2,2023,3,24,407,77377503,16,134,B,Minor,67
Late Night Talking,Harry Styles,1,2022,5,20,7461,743693613,166,115,A,Major,71
Le,Marlia Mendo,1,2022,12,9,993,267789608,30,130,F,Major,74
Save Your Tears with Ariana Grande Remix,Ariana Grande The Weeknd,2,2020,3,20,9161,1221813483,240,118,nan,Major,65
Something in the Orange,Zach Bryan,1,2022,4,22,3282,449701773,67,110,G,Major,59
VOID,Melanie Martinez,1,2023,3,29,596,67070410,29,100,A,Major,72
Dijeron Que No La Iba Lograr,Fuerza Regida Chino Pacas,2,2023,3,14,320,116334601,5,142,G,Minor,70
Midnight Rain,Taylor Swift,1,2022,10,21,2612,433356509,19,140,nan,Major,64
If We Ever Broke Up,Mae Stephens,1,2023,2,10,2040,165584767,81,116,G,Major,90
You Proof,Morgan Wallen,1,2022,5,13,2128,367814306,37,120,A,Major,73
LA INOCENTE,Feid Mora,2,2022,4,1,2598,477033549,28,92,F,Minor,76
Malas Decisiones,Kenia OS,1,2022,10,26,542,156214700,23,110,G,Minor,81
Murder In My Mind,Kordhell,1,2022,1,21,2459,448843705,20,120,A,Major,71
Gangstas Paradise,Coolio LV,2,1995,7,11,10624,1357608774,21,80,G,Major,63
CAIRO,Karol G Ovy On The Drums,2,2022,11,13,2418,294352144,52,115,F,Minor,95
I Love You So,The Walters,1,2014,11,28,7536,972164968,44,76,A,Major,58
Dark Red,Steve Lacy,1,2017,2,20,10431,920045682,71,172,F,Major,60
Say You Wont Let Go,James Arthur,1,2016,9,9,15722,2420461338,231,99,A,Major,40
The Hills,The Weeknd,1,2015,5,27,25744,1947371785,122,136,nan,Minor,36
Heart To Heart,Mac DeMarco,1,2019,5,10,1640,244658767,27,150,G,Minor,90
Peaches from The Super Mario Bros Movie,Jack Black,1,2023,4,7,34,68216992,0,92,A,Minor,71
Marisola  Remix,Duki NICKI NICOLE Cris Mj Standly Stars Music Chile,5,2022,12,15,1845,223582566,20,95,C,Major,77
LOKERA,Brray Rauw Alejandro Lyanno,3,2022,7,25,3301,471819764,72,102,B,Minor,83
Low,SZA,1,2022,12,9,1911,272377463,23,145,nan,Minor,70
Numb,Linkin Park,1,2003,3,24,20111,1361425037,39,110,A,Major,50
Tormenta feat Bad Bunny,Gorillaz Bad Bunny,2,2023,2,24,1529,149778242,32,95,nan,Major,64
on the street with J Cole,jhope J Cole,2,2023,3,3,615,116599790,22,94,B,Minor,68
One Thing At A Time,Morgan Wallen,1,2022,12,2,811,148469433,11,142,G,Major,61
Miss You,Robin Schulz Oliver Tree,2,2022,8,5,5730,497225336,108,145,F,Minor,59
Aint Tha,Morgan Wallen,1,2023,3,3,356,88791109,4,121,F,Minor,64
Thinkin B,Morgan Wallen,1,2023,3,3,604,125917280,22,140,D,Minor,66
Private Landing feat Justin Bieber  Future,Don Toliver Future Justin Bieber,3,2023,2,23,1190,105062254,29,137,C,Minor,84
Everything I Love,Morgan Wallen,1,2023,1,31,579,95623148,11,104,G,Major,56
Heaven,Niall Horan,1,2023,2,17,1553,144584800,61,92,F,Major,57
LET GO,Central Cee,1,2022,12,15,2301,298063749,49,146,D,Minor,74
Sial,Mahalini,1,2023,1,23,134,166570053,4,120,D,Major,56
I Wrote The Book,Morgan Wallen,1,2023,1,31,430,83021468,15,144,D,Major,68
Apna Bana Le From Bhediya,Arijit Singh SachinJigar,2,2022,11,5,86,139836056,11,94,A,Major,59
SPIT IN MY FACE,ThxSoMch,1,2022,10,31,629,303216294,32,94,G,Major,73
PLAYA DEL INGL,Myke Towers Quevedo,2,2022,12,15,1701,221409663,30,113,G,Minor,79
Man Made A Bar feat Eric Church,Morgan Wallen Eric Church,2,2023,3,3,329,58890931,14,148,E,Major,50
Red Ruby Da Sleeze,Nicki Minaj,1,2023,3,3,1168,81419389,45,98,C,Major,70
Kahani Suno 20,Kaifi Khalil,1,2022,5,31,162,156777415,1,140,B,Major,58
Nobody Gets Me,SZA,1,2022,12,9,2536,284908316,59,100,G,Major,36
PERO T,Karol G Quevedo,2,2023,2,23,387,93438910,11,140,F,Major,86
Hype Boy,NewJeans,1,2022,8,1,892,363472647,20,100,E,Minor,59
Bloody Mary,Lady Gaga,1,2011,1,1,3909,372476382,66,100,A,Minor,59
Monoton,Ozuna Shakira,2,2022,10,19,3645,380726517,118,132,nan,Minor,87
98 Braves,Morgan Wallen,1,2023,3,3,282,56533272,6,142,D,Major,49
WANDA,Quevedo,1,2023,1,20,888,175399345,11,176,E,Minor,72
Thought You Should Know,Morgan Wallen,1,2022,5,6,968,203221468,16,140,F,Major,53
In The End,Linkin Park,1,2000,10,24,25065,1624165576,63,105,D,Minor,55
Zona De Perigo,Leo Santana,1,2022,12,8,531,134294498,20,135,F,Major,81
Lovezinho,Treyce,1,2022,7,28,242,70069745,12,128,E,Minor,82
I Like You A Happier Song with Doja Cat,Post Malone Doja Cat,2,2022,6,3,5281,609293408,94,101,F,Major,74
Neverita,Bad Bunny,1,2022,5,6,2590,671365962,20,122,A,Major,88
Vista Al Mar,Quevedo,1,2022,9,8,1769,362361576,16,105,nan,Minor,76
Sem Aliana no ,MC Xenon Os Gemeos da Putaria,2,2022,12,23,454,93587665,6,83,C,Major,53
Enemy with JID  from the series Arcane League of Legends,Imagine Dragons League of Legends JID Arcane,4,2021,9,3,6180,1223481149,122,77,B,Minor,72
Revenge,XXXTENTACION,1,2017,8,25,3600,1022258230,7,140,B,Minor,75
Bombonzinho  Ao Vivo,Israel  Rodolffo Ana Castela,2,2022,11,3,1254,263453310,26,158,C,Major,65
LA CANCI,J Balvin Bad Bunny,2,2019,6,28,6398,1435127549,177,176,G,Major,75
Qu Ago,Yuridia Angela Aguilar,2,2022,10,20,660,236857112,19,98,B,Major,73
Love Again,The Kid Laroi,1,2023,1,27,1283,147538971,57,107,B,Minor,66
After Hours,The Weeknd,1,2020,2,19,8084,698086140,45,109,F,Minor,66
About Damn Time,Lizzo,1,2022,7,15,2332,723894473,0,109,A,Minor,84
Born With A Beer In My Hand,Morgan Wallen,1,2023,3,3,203,34450974,5,148,nan,Major,53
,Fujii Kaze,1,2020,5,20,685,403097450,24,158,F,Minor,60
Besos Moja2,Wisin  Yandel ROSAL,2,2022,9,29,2460,309483971,53,94,F,Minor,74
Maan Meri Jaan,King,1,2022,10,12,288,319566866,11,96,F,Minor,70
Moscow Mule,Bad Bunny,1,2022,5,6,4572,909001996,74,100,F,Minor,80
My Universe,Coldplay BTS,2,2021,9,24,6127,1061966512,0,105,A,Major,58
Devil Don,Morgan Wallen,1,2023,3,3,166,32526947,2,125,nan,Major,53
LLYLM,ROSAL,1,2023,1,27,1838,124988687,105,170,F,Minor,56
Im Not Here To Make Friends,Sam Smith Calvin Harris Jessie Reyez,3,2023,1,27,1890,103787664,86,115,nan,Major,70
TRUSTFALL,Pnk,1,2023,1,27,2098,134255790,88,122,G,Major,64
ANTIFRAGILE,LE SSERAFIM,1,2022,10,17,761,301051721,23,105,A,Minor,88
Boys a liar,PinkPantheress,1,2022,11,30,1225,156338624,27,133,F,Major,66
VIBE feat Jimin of BTS,TAEYANG Jimin,2,2023,1,13,415,152850295,15,100,nan,Major,79
Shirt,SZA,1,2022,10,28,3469,309653982,71,120,D,Minor,82
Lift Me Up  From Black Panther Wakanda Forever  Music From and Inspired By,Rihanna,1,2022,10,28,3311,297328960,129,177,A,Major,25
STAR WALKIN League of Legends Worlds Anthem,Lil Nas X,1,2022,9,22,2616,332506354,113,142,D,Minor,64
Sex Drugs Etc,Beach Weather,1,2016,11,4,3006,480507035,47,144,E,Minor,57
Boy With Luv feat Halsey,Halsey BTS,2,2019,4,12,4260,1065580332,113,120,B,Minor,65
Hey Mickey,Baby Tate,1,2016,9,27,482,122763672,9,135,D,Major,92
Calm Down,R,1,2022,2,9,4013,445763624,107,107,B,Major,81
Jhoome Jo Pathaan,Arijit Singh Vishal Dadlani Sukriti Kakar VishalShekhar Shekhar Ravjiani Kumaar,6,2022,12,22,138,1365184,13,105,G,Major,82
Escapism  Sped Up,RAYE 070 Shake,2,2022,11,25,1368,184308753,12,108,F,Minor,44
Space Song,Beach House,1,2015,1,1,17852,789753877,69,147,nan,Minor,51
Dreamers Music from the FIFA World Cup Qatar 2022 Official Soundtrack,BTS Jung Kook FIFA Sound,3,2022,11,20,889,323358833,11,115,nan,Major,71
Te Felicito,Shakira Rauw Alejandro,2,2022,4,21,4796,606361689,124,174,F,Major,70
Mu,Steve Aoki Tini La Joaqui,3,2023,1,12,658,120972253,33,90,A,Minor,68
TV,Billie Eilish,1,2022,7,21,3009,338564981,68,141,E,Minor,41
Im Not The Only One,Sam Smith,1,2014,1,1,17492,1606986953,136,82,F,Major,68
Heather,Conan Gray,1,2020,3,20,6170,1301799902,82,92,F,Major,47
Besharam Rang From Pathaan,VishalShekhar Shilpa Rao Caralisa Monteiro Kumaar Vishal Dadlani Shekhar Ravjiani,6,2022,12,12,130,140187018,21,116,G,Minor,77
One Kiss with Dua Lipa,Calvin Harris Dua Lipa,2,2017,6,2,27705,1897517891,537,124,A,Minor,79
Sugar Rush Ride,TOMORROW X TOGETHER,1,2023,1,27,359,107642809,12,125,A,Minor,71
Pink Venom,BLACKPINK,1,2022,8,19,1963,551305895,57,90,nan,Major,80
WAIT FOR U feat Drake  Tems,Drake Future Tems,3,2022,4,27,5491,556585270,128,83,C,Major,46
Dont Start Now,Dua Lipa,1,2019,10,31,27119,2303033973,532,124,B,Minor,79
After Dark,MrKitty,1,2014,8,8,1776,646886885,1,140,G,Major,58
Eu Gosto Assim  Ao Vivo,Gustavo Mioto Mari Fernandez,2,2022,9,16,1473,222612678,27,154,nan,Major,64
INDUSTRY BABY feat Jack Harlow,Jack Harlow Lil Nas X,2,2021,7,23,13315,1814349763,300,150,D,Minor,74
MIDDLE OF THE NIGHT,Elley Duh,1,2020,1,10,4057,872137015,78,186,E,Minor,41
Atlantis,Seafret,1,2015,4,22,3045,571386359,43,166,G,Minor,40
PUNTO 40,Baby Rasta Rauw Alejandro,2,2022,9,22,3006,304079786,54,107,nan,Major,87
Evoque Prata,DJ Escobar MC MENOR SG MC MENOR HR,3,2022,9,9,852,174006928,14,87,G,Major,87
How Do I Say Goodbye,Dean Lewis,1,2022,8,5,2163,284785823,72,82,G,Major,40
Blind,SZA,1,2022,12,9,1484,163284000,22,114,A,Minor,46
Die For You,Joji,1,2022,11,4,1703,246390068,38,148,G,Major,47
Doja,Central Cee,1,2022,7,20,4169,482257456,57,140,F,Major,91
Gatita,Bellakath,1,2022,10,3,1054,168684524,9,101,G,Major,90
Rumble,Skrillex Flowdan Fred again,3,2022,1,17,2849,78489819,39,140,C,Minor,81
Niagara Falls Foot or 2 with Travis Scott  21 Savage,Travis Scott 21 Savage Metro Boomin,3,2022,12,2,1602,195516622,12,88,G,Minor,49
Yonaguni,Bad Bunny,1,2021,6,4,9644,1260594497,120,180,C,Major,64
Super Freaky Girl,Nicki Minaj,1,2022,8,12,4827,428685680,104,133,D,Major,95
Running Up That Hill A Deal With God,Kate Bush,1,1985,9,16,21811,1024858327,117,108,A,Minor,63
Dream On,Aerosmith,1,1973,1,5,168,838586769,0,80,F,Minor,39
Limbo,Freddie Dredd,1,2022,8,11,688,199386237,14,75,B,Minor,80
Where Are You Now,Lost Frequencies Calum Scott,2,2021,7,30,10565,972509632,238,121,F,Minor,67
WORTH NOTHING,Twisted Oliver Tree,2,2022,9,28,1612,213438580,34,140,D,Minor,58
Bad Habits,Ed Sheeran,1,2020,9,3,12755,1555511105,344,126,B,Minor,81
KICK BACK,Kenshi Yonezu,1,2022,10,12,574,210038833,38,102,C,Major,58
Evergreen You Didnt Deserve Me A,Omar Apollo,1,2022,4,8,2499,227918678,70,82,A,Major,70
Good Days,SZA,1,2020,12,24,10426,826623384,133,121,C,Minor,46
Levitating feat DaBaby,Dua Lipa DaBaby,2,2020,3,27,15894,1802514301,198,103,F,Minor,70
Woman,Doja Cat,1,2021,6,25,9424,1329090101,202,108,F,Minor,82
Shut up My Moms Calling  Sped Up,Hotel Ugly,1,2022,9,14,713,181831132,2,85,F,Minor,65
Ferrari,James Hype Miggy Dela Rosa,2,2022,3,14,7758,462791599,173,125,C,Minor,84
Youre On Your Own Kid,Taylor Swift,1,2022,10,21,2537,348647203,8,120,D,Major,69
Kesariya From Brahmastra,Pritam Arijit Singh Amitabh Bhattacharya,3,2022,7,17,292,366599607,26,94,nan,Major,58
Agudo Mgi,Styrx utku INC Thezth,3,1930,1,1,323,90598517,4,130,F,Minor,65
Payphone,Maroon 5 Wiz Khalifa,2,2012,1,1,14143,1479264469,56,110,E,Major,74
All I Want for Christmas Is You,Mariah Carey,1,1994,10,28,25653,1449779435,387,150,G,Major,34
Last Christmas,Wham,1,1984,1,1,22153,1159176109,274,107,B,Minor,74
Rockin Around The Christmas Tree,Brenda Lee,1,1958,1,1,14994,769213520,191,140,G,Major,70
Jingle Bell Rock,Bobby Helms,1,1957,1,1,10326,741301563,165,119,D,Major,74
Its Beginning To Look A Lot Like Christmas,Michael Bubl,1,2011,10,14,12353,807561936,35,93,E,Major,35
Santa Tell Me,Ariana Grande,1,2013,12,13,9408,834129063,231,133,G,Major,46
Its the Most Wonderful Time of the Year,Andy Williams,1,1963,10,14,8879,663832097,182,202,G,Major,24
Let It Snow Let It Snow Let It Snow,Dean Martin,1,1959,11,16,6512,446390129,88,134,C,Major,45
Snowman,Sia,1,2017,1,1,5140,690104769,85,105,C,Major,72
Underneath the Tree,Kelly Clarkson,1,2013,10,25,6596,485285717,144,160,G,Major,51
Feliz Navidad,Jos Felic,1,1970,11,1,3788,520034544,21,148,D,Major,50
Holly Jolly Christmas,Michael Bubl,1,2011,10,14,7655,476244795,5,151,G,Major,65
Mistletoe,Justin Bieber,1,2011,1,1,9577,629173063,195,162,F,Minor,67
Sleigh Ride,The Ronettes,1,1963,11,22,10114,404664135,114,92,D,Major,53
Seek  Destroy,SZA,1,2022,12,9,1007,98709329,5,152,C,Major,65
Love Language,SZA,1,2022,12,9,1127,110849052,16,65,A,Minor,71
Happy Xmas War Is Over,John Lennon The Harlem Community Choir The Plastic Ono Band Yoko Ono,4,1971,12,1,10829,460492795,130,147,D,Major,33
Used feat Don Toliver,SZA Don Toliver,2,2022,12,8,1042,94005786,7,150,A,Minor,73
A Holly Jolly Christmas  Single Version,Burl Ives,1,1952,1,1,7930,395591396,108,140,nan,Major,67
The Christmas Song Merry Christmas To You  Remastered 1999,Nat King Cole,1,1946,11,1,11500,389771964,140,139,C,Major,36
Wonderful Christmastime  Edited Version  Remastered 2011,Paul McCartney,1,1979,11,16,1685,403939487,1,95,B,Major,75
Do They Know Its Christmas  1984 Version,Band Aid,1,1984,11,25,14169,481697415,209,115,nan,Major,60
Ghost in the Machine feat Phoebe Bridgers,SZA Phoebe Bridgers,2,2022,12,9,1634,110073250,16,125,F,Major,62
Special,SZA,1,2022,12,9,906,88092256,6,76,nan,Major,60
Merry Christmas Everyone,Shakin Stevens,1,1984,1,1,1087,351636786,90,101,C,Minor,72
Let It Snow Let It Snow Let It Snow,Frank Sinatra B Swanson Quartet,2,1950,1,1,10585,473248298,126,143,D,Major,60
SOS,SZA,1,2022,12,9,827,73981293,6,119,G,Minor,51
Open Arms feat Travis Scott,SZA Travis Scott,2,2022,12,8,1420,155653938,13,78,A,Major,67
White Christmas,Bing Crosby John Scott Trotter  His Orchestra Ken Darby Singers,3,1942,1,1,11940,395591396,73,96,A,Major,23
Driving Home for Christmas  2019 Remaster,Chris Rea,1,1986,1,1,888,429504768,50,180,A,Major,51
Christmas Baby Please Come Home,Darlene Love,1,1963,11,22,9122,242767149,121,126,D,Major,34
Gone Girl,SZA,1,2022,12,9,892,65362788,3,150,F,Major,43
F2F,SZA,1,2022,12,9,989,67540165,5,90,D,Major,53
Notice Me,SZA,1,2022,12,9,819,62019074,14,160,F,Major,72
Merry Christmas,Ed Sheeran Elton John,2,2017,11,10,2209,135723538,72,114,nan,Major,59
Its Beginning to Look a Lot Like Christmas with Mitchell Ayres  His Orchestra,Perry Como The Fontane Sisters Mitchell Ayres  His Orchestra,3,1958,1,1,6290,295998468,89,113,G,Major,73
My Only Wish This Year,Britney Spears,1,2000,11,7,6952,261116938,115,147,nan,Major,67
Antidepresan,Mabel Matiz Mert Demir,2,2022,11,4,313,136689549,10,100,B,Minor,70
Wild Flower with youjeen,RM,1,2022,12,2,353,135611421,2,155,G,Major,49
I Hate U,SZA,1,2021,12,3,4094,356709897,66,107,G,Minor,54
Raindrops Insane with Travis Scott,Travis Scott Metro Boomin,2,2022,12,2,880,110649992,3,112,G,Major,80
SPIT IN MY FACE,ThxSoMch,1,2022,10,31,573,301869854,1,166,C,Major,70
Deck The Hall  Remastered 1999,Nat King Cole,1,1959,1,1,3299,127027715,65,107,F,Minor,69
Smoking on my Ex Pack,SZA,1,2022,12,9,811,57144458,6,81,G,Major,47
Conceited,SZA,1,2022,12,9,899,56870689,2,150,C,Major,79
Snow On The Beach feat Lana Del Rey,Taylor Swift Lana Del Rey,2,2022,10,21,2415,323437194,33,110,A,Major,66
Maroon,Taylor Swift,1,2022,10,21,2304,317726339,12,108,G,Major,64
Tubaro Te,Dj LK da Esccia Tchakabum mc jhenny M,4,2022,9,28,1003,116144341,21,130,E,Minor,89
Bejeweled,Taylor Swift,1,2022,10,21,2699,328207708,39,164,G,Major,70
Tarot,Bad Bunny Jhay Cortez,2,2022,5,6,2482,608228647,27,114,B,Minor,80
You Make It Feel Like Christmas feat Blake Shelton,Gwen Stefani Blake Shelton,2,2005,9,20,2577,180577478,108,93,F,Major,63
Desesperados,Chencho Corleone Rauw Alejandro,2,2021,6,25,6821,809306935,83,90,C,Minor,87
Too Late,SZA,1,2022,12,8,714,49262961,0,128,B,Major,45
Party,Bad Bunny Rauw Alejandro,2,2022,5,6,3185,614555082,38,97,A,Major,83
Run Rudolph Run  Single Version,Chuck Berry,1,1958,1,1,8612,245350949,120,152,G,Minor,69
Jingle Bells  Remastered 1999,Frank Sinatra,1,1957,1,1,4326,178660459,32,175,G,Major,51
Far,SZA,1,2022,12,9,680,51641685,2,116,D,Major,61
On Time with John Legend,John Legend Metro Boomin,2,2022,12,2,398,78139948,2,80,F,Minor,33
GAT,Maldy Karol G,2,2022,8,25,3328,322336177,39,93,B,Minor,63
abcdefu,Gayle,1,2021,8,13,7215,1007612429,170,122,E,Major,70
Sacrifice,The Weeknd,1,2022,1,7,4440,326792833,81,122,G,Major,70
Is There Someone Else,The Weeknd,1,2022,1,7,2881,391251368,13,135,A,Minor,70
Fingers Crossed,Lauren Spencer Smith Lauren Spencer Smith Lauren Spencer Smith,3,2022,1,5,2235,349585590,65,109,F,Major,60
Out of Time,The Weeknd,1,2022,1,7,3711,339659802,49,93,nan,Minor,65
Do It To It,Cherish ACRAZE,2,2021,8,20,12403,674772936,183,125,B,Minor,85
We Dont Talk About Bruno,Adassa Mauro Castillo Stephanie Beatriz Encanto  Cast Rhenzy Feliz Diane Guerrero Carolina Gaitan,7,2021,11,19,2785,432719968,95,206,nan,Minor,58
Pepas,Farruko,1,2021,6,24,14114,1309887447,252,130,G,Major,76
How Do I Make You Love Me,The Weeknd,1,2022,1,7,1915,119238316,7,121,G,Minor,80
Gasoline,The Weeknd,1,2022,1,7,2297,116903579,11,123,F,Minor,74
Infinity,Jaymes Young,1,2017,6,23,4375,888046992,24,122,B,Minor,67
Less Than Zero,The Weeknd,1,2022,1,7,2800,200660871,18,143,nan,Major,53
Take My Breath,The Weeknd,1,2021,8,6,2597,130655803,17,121,A,Minor,70
good 4 u,Olivia Rodrigo,1,2021,5,14,15563,1887039593,259,166,F,Minor,56
Here We Go Again feat Tyler the Cr,The Weeknd Tyler The Creator,3,2022,1,7,1420,88103848,7,135,C,Major,41
Best Friends,The Weeknd,1,2022,1,7,1292,101114984,3,87,E,Minor,49
Kiss Me More feat SZA,SZA Doja Cat,2,2021,4,9,15867,1575467011,382,111,G,Major,77
I Heard Youre Married feat Lil Wayne,The Weeknd Lil Wayne,2,2022,1,7,1178,91656026,9,110,D,Major,75
Need To Know,Doja Cat,1,2021,6,11,6672,1042568408,125,130,C,Major,66
MONTERO Call Me By Your Name,Lil Nas X,1,2020,9,18,12329,1735441776,275,179,G,Minor,61
love nwantiti ah ah ah,Ckay,1,2019,7,26,5669,726837877,74,93,F,Minor,74
Dawn FM,The Weeknd,1,2022,1,7,811,53933526,1,78,A,Minor,27
Surface Pressure,Jessica Darrow,1,2021,11,19,1756,267758538,38,180,D,Major,65
Starry Eyes,The Weeknd,1,2022,1,7,1014,74601456,1,86,A,Minor,28
THATS WHAT I WANT,Lil Nas X,1,2021,9,17,7963,920797189,173,88,C,Minor,74
One Right Now with The Weeknd,The Weeknd Post Malone,2,2021,11,5,4771,539595276,68,97,C,Major,68
Beggin,Mne,1,2017,12,8,8559,1367810478,183,134,B,Minor,71
Mon Amour  Remix,Aitana zzoilo,2,2020,9,21,3221,578207856,67,116,D,Major,75
Lo Siento BB with Bad Bunny  Julieta Venegas,Julieta Venegas Bad Bunny Tainy,3,2021,10,5,3423,775542072,61,170,E,Minor,64
MONEY,Lisa,1,2021,9,10,2566,863625566,44,140,C,Minor,83
The Motto,Tisto Ava,2,2021,11,4,9151,656013912,240,118,G,Minor,75
Happier Than Ever,Billie Eilish,1,2021,7,30,8476,1056760045,138,65,nan,Major,31
Moth To A Flame with The Weeknd,The Weeknd Swedish House Mafia,2,2021,10,22,7495,611994237,114,120,nan,Minor,56
traitor,Juan Cruz Toledo Huilen Toledo,2,2021,5,21,5257,1230855859,85,176,D,Major,29
Toxic,BoyWithUke,1,2021,9,10,1795,582981380,34,180,G,Minor,59
drivers license,Olivia Rodrigo,1,2021,1,8,12685,1858144199,185,144,A,Major,59
Malvad,Xam Gustah Neo B,3,2021,11,30,648,240684449,14,133,F,Minor,82
All Too Well 10 Minute Version Taylors Version From The Vault,Taylor Swift,1,2021,11,12,4635,583687007,50,93,nan,Major,63
Dont Break My,The Weeknd,1,2022,1,7,1184,63803529,1,122,A,Major,77
Oh My God,Adele,1,2021,11,19,4431,466214729,105,88,C,Major,53
Entre Nosotros Remix con Nicki Nicole,Lit Killah Maria Becerra Tiago pzk NICKI NICOLE,4,2022,1,5,759,236940480,32,170,F,Minor,70
A Tale By Quincy,The Weeknd,1,2022,1,7,733,41924466,0,94,F,Minor,46
I AM WOMAN,Emmy Meli,1,2021,11,18,2795,225259194,45,170,A,Major,65
Medallo,Justin Quiles Lenny Tavrez BL,3,2021,10,27,2780,393230256,54,90,E,Minor,79
Itll Be Okay,Shawn Mendes,1,2021,12,1,1950,287201015,56,78,G,Major,40
Softcore,The Neighbourhood,1,2018,3,9,3947,599770206,33,94,D,Major,57
Super Gremlin,Kodak Black,1,2021,10,30,2551,342779426,52,73,D,Major,83
Volv,Aventura Bad Bunny,2,2021,8,3,5375,673801126,138,176,C,Major,73
Todo De Ti,Rauw Alejandro,1,2020,11,2,11975,1168642797,188,128,D,Minor,81
Love Nwantiti  Remix,Ckay AXEL Dj Yo,3,2019,8,30,2696,540539717,42,120,G,Major,58
Smokin Out The Window,Bruno Mars Anderson Paak Silk Sonic,3,2021,11,5,4963,383550148,63,82,D,Major,63
Meet Me At Our Spot,THE ANXIETY Willow Tyler Cole,3,2020,3,13,6734,530511203,47,95,D,Major,77
Every Angel is Terrifying,The Weeknd,1,2022,1,7,715,37307967,0,118,nan,Major,44
Tacones Rojos,Sebastian Yatra,1,2021,10,22,3047,510876816,77,123,B,Minor,75
Peaches feat Daniel Caesar  Giveon,Justin Bieber Daniel Caesar Giveon,3,2021,3,19,14140,1445941661,231,90,nan,Major,63
Dakiti,Bad Bunny Jhay Cortez,2,2020,10,30,11215,1763363713,189,110,E,Minor,73
Tiago PZK Bzrp Music Sessions Vol 48,Bizarrap Tiago pzk,2,2021,12,29,1678,374191487,20,96,C,Minor,66
L,Stromae,1,2022,1,9,2035,108809090,41,88,D,Minor,56
Nostl,Chris Brown Rvssian Rauw Alejandro,3,2021,9,8,2780,436695353,86,98,A,Minor,73
Better Days NEIKED x Mae Muller x Polo G,NEIKED Mae Muller Polo G,3,2021,9,24,4091,421040617,105,110,nan,Minor,72
Life Goes On,Oliver Tree,1,2020,7,17,2868,501541661,43,80,nan,Major,70
Sad Girlz Luv Money Remix feat Kali Uchis,Kali Uchis Amaarae Moliy,3,2021,9,16,3643,354065229,69,110,C,Minor,86
Butter,BTS,1,2021,5,21,4779,1143647827,180,110,G,Major,79
pushin P feat Young Thug,Young Thug Future Gunna,3,2022,1,7,3517,311395144,54,78,C,Minor,77
You Right,Doja Cat The Weeknd,2,2021,6,24,5073,672656250,83,129,G,Major,83
deja vu,Olivia Rodrigo,1,2021,4,1,7545,1256880657,117,181,A,Major,44
Dynamite,BTS,1,2020,8,21,8528,1692897992,239,114,F,Minor,75
TO THE MOON,Jnr Choi,1,2021,11,5,2979,245095641,44,144,D,Major,74
Lost in the Fire,The Weeknd Gesaffelstein,2,2019,1,11,7731,686734357,110,101,D,Major,66
Salimo de Noche,Trueno Tiago pzk,2,2021,10,21,1057,261414174,17,84,D,Major,67
Volando  Remix,Sech Bad Bunny Mora,3,2021,7,8,3272,610045621,101,154,F,Major,66
Leave The Door Open,Bruno Mars Anderson Paak Silk Sonic,3,2021,3,5,14417,1115880852,237,148,F,Major,59
Knife Talk with 21 Savage ft Project Pat,Drake Project Pat 21 Savage,3,2021,9,3,5199,594482982,45,146,F,Minor,85
Dont Be Shy,Tisto Kar,2,2021,8,1,6026,566954746,171,120,B,Minor,77
LA FAMA with The Weeknd,The Weeknd ROSAL,2,2021,11,11,4640,374706940,81,136,nan,Minor,77
The Family Madrigal,Olga Merediz Stephanie Beatriz Encanto  Cast,3,2021,11,19,1150,184937148,20,141,C,Major,59
Phantom Regret by Jim,The Weeknd,1,2022,1,7,768,31959571,1,108,A,Minor,46
Dos Oruguitas,Sebastian Yatra,1,2021,11,19,925,167076418,24,94,nan,Major,42
Freaks,Surf Curse,1,2015,5,10,3006,824420218,23,180,A,Major,35
Acapulco,Jason Derulo,1,2021,9,1,3098,363467642,111,122,A,Major,77
Daddy Issues,The Neighbourhood,1,2015,10,30,9771,1127468248,42,85,A,Major,59
thought i was playing,21 Savage Gunna,2,2022,1,7,807,60680939,3,148,C,Major,68
ELEVEN,IVE,1,2021,12,1,521,247737946,17,120,A,Major,83
Mood feat Iann Dior,24kgoldn Iann Dior,2,2020,7,24,12854,1699402402,237,91,G,Minor,70
What Else Can I Do,Stephanie Beatriz Diane Guerrero,2,2021,11,19,802,154797871,13,120,E,Major,72
DANCE CRIP,Trueno,1,2021,11,17,731,198883004,14,106,nan,Major,86
Miserable Man,David Kushner,1,2022,1,7,788,124407432,13,110,A,Major,63
happier,Olivia Rodrigo,1,2021,5,21,3069,850608354,25,169,F,Major,39
Praise God,Kanye West,1,2021,8,29,4651,376333030,24,118,C,Major,80
Get Into It Yuh,Doja Cat,1,2021,6,25,4999,516784627,43,92,G,Minor,91
Before You Go,Lewis Capaldi,1,2019,11,1,8327,1608045237,205,112,D,Major,45
Sky,Playboi Carti,1,2020,12,25,3297,506778838,25,140,D,Major,79
Rolling in the Deep,Adele,1,2010,11,29,35684,1472799873,195,105,G,Major,73
Sobrio,Maluma,1,2021,7,8,3506,513643924,103,178,F,Major,76
Peru,Ed Sheeran Fireboy DML,2,2021,12,23,2999,261286503,60,108,G,Minor,96
favorite crime,Olivia Rodrigo,1,2021,5,21,3681,783706581,20,173,A,Major,40
Thunder,Prezioso Gabry Ponte LUMX,3,2021,5,7,4846,422691058,54,101,C,Major,67
The Business,Ti,1,2020,1,1,14311,1062345656,255,120,G,Minor,80
positions,Ariana Grande,1,2020,10,23,8207,1252563873,175,144,nan,Major,73
I WANNA BE YOUR SLAVE,Mne,1,2021,3,19,4873,851070493,65,133,C,Major,75
Vai L Em Casa ,Marlia Mendona George Henrique ,2,2021,10,22,772,263894529,7,158,G,Minor,46
The Feels,TWICE,1,2021,10,1,1150,345903614,20,120,A,Major,81
HEARTBREAK ANNIVERSARY,Giveon,1,2020,2,21,5398,951637566,111,129,nan,Major,61
No Lie,Sean Paul Dua Lipa,2,2016,11,18,7370,956865266,92,102,G,Major,74
OUT OUT feat Charli XCX  Saweetie,Charli XCX Jax Jones Joel Corry Saweetie,4,2021,8,13,6890,427486004,122,124,G,Minor,79
Pope Is a Rockstar,SALES,1,2016,4,20,1966,156658366,4,90,E,Minor,73
2055,Sleepy hallow,1,2021,4,14,2226,624515457,29,161,F,Minor,78
Bored,Billie Eilish,1,2017,3,30,4204,777765388,39,120,G,Major,60
Happier Than Ever  Edit,Billie Eilish,1,2021,7,28,1959,412795151,19,81,nan,Major,45
Astronaut In The Ocean,Masked Wolf,1,2019,1,1,7191,1138474110,146,150,E,Minor,78
Ley Seca,Anuel Aa Jhay Cortez,2,2021,9,2,2012,355219175,101,105,G,Major,76
Every Summertime,NIKI,1,2021,8,10,1211,290228626,30,79,F,Major,63
Talking To The Moon,Bruno Mars,1,2010,10,4,7109,1062956628,5,146,C,Minor,52
you broke me first,Tate McRae,1,2020,4,17,6638,1180094974,167,124,E,Major,64
The Nights,Avicii,1,2014,1,1,17354,1456081449,92,126,F,Major,53
Take My Breath,The Weeknd,1,2021,8,6,6392,432702334,174,121,G,Major,75
Way 2 Sexy with Future  Young Thug,Drake Future Young Thug,3,2021,9,3,5481,489945871,144,136,B,Minor,80
C,Rauw Alejandro,1,2021,6,25,2636,465959382,36,102,A,Minor,77
Enemy  from the series Arcane League of Legends,Imagine Dragons League of Legends Arcane,3,2021,10,27,824,1223481149,8,77,G,Major,73
Dance Monkey,Tones and I,1,2019,5,10,24529,2864791672,533,98,F,Minor,82
Lucid Dreams,Juice WRLD,1,2017,6,15,14749,2288695111,188,84,B,Minor,44
Qu M,J Balvin Maria Becerra,2,2021,1,28,8087,720825549,92,102,G,Major,89
All of Me,John Legend,1,2013,8,1,27221,2086124197,308,120,G,Major,42
Smells Like Teen Spirit  Remastered 2021,Nirvana,1,1991,9,10,49991,1690192927,265,117,C,Major,52
Arcade,Duncan Laurence,1,2019,3,7,6646,991336132,107,72,A,Minor,45
Fair Trade with Travis Scott,Drake Travis Scott,2,2021,9,3,5403,593917618,118,168,C,Major,67
Bar,Tini LGante,2,2021,11,11,755,200972675,22,94,C,Major,52
The Rumbling TV Size,SiM,1,2022,1,10,254,71014967,0,145,G,Major,41
family ties with Kendrick Lamar,Kendrick Lamar Baby Keem,2,2021,8,27,6308,560222750,114,134,C,Major,71
Mr Brightside,The Killers,1,2003,9,23,51979,1806617704,306,148,C,Major,35
BlessedCursed,ENHYPEN,1,2022,1,10,246,77337771,2,127,E,Minor,60
AM Remix,J Balvin Nio Garcia Bad Bunny,3,2021,6,24,6556,528544703,93,172,F,Minor,74
Streets,Doja Cat,1,2019,11,7,5728,865640097,85,90,B,Major,75
Shallow,Lady Gaga Bradley Cooper,2,2018,9,27,16636,2159346687,368,96,G,Major,57
Polaroid Love,ENHYPEN,1,2022,1,10,461,211372494,10,138,G,Minor,74
Leave Before You Love Me with Jonas Brothers,Marshmello Jonas Brothers,2,2021,4,28,4893,651732901,143,120,G,Major,72
Permission to Dance,BTS,1,2021,7,9,1801,608334048,77,125,A,Major,70
Friday feat Mufasa  Hypeman  Dopamine ReEdit,Riton Nightcrawlers Mufasa  Hypeman Dopamine,4,2021,1,15,12043,863756573,209,123,D,Major,82
RAPSTAR,Polo G,1,2021,4,9,4731,797402345,141,81,F,Major,79
Till I Collapse,Eminem Nate Dogg,2,2002,5,26,22923,1695712020,78,171,C,Major,55
Memories,Maroon 5,1,2019,9,20,9974,1759567999,272,91,B,Major,77
Se Le Ve,Arcangel De La Ghetto Justin Quiles Lenny Tavrez Sech Dalex Dimelo Flow Rich Music,8,2021,8,12,1560,223319934,72,84,G,Minor,56
25k jacket feat Lil Baby,Gunna Lil Baby,2,2022,1,7,620,54937991,17,115,F,Minor,90
When Im Gone with Katy ,Katy Perry Alesso,2,2021,12,29,3270,226897599,89,125,nan,Major,69
EsqueaMe Se For C,Marlia Mendona Maiara ,2,2021,10,14,580,258316038,24,122,F,Minor,80
Min,Tini Maria Becerra,2,2021,4,29,3406,596152090,61,92,D,Major,85
S,Anuel Aa Myke Towers Jhay Cortez,3,2021,11,18,903,177129919,30,90,F,Minor,63
MAMIII,Karol G Becky G,2,2022,2,10,6809,716591492,151,94,E,Minor,84
Still DRE,Dr Dre Snoop Dogg,2,1999,1,1,33966,1210599487,141,93,B,Major,81
Stay Alive Prod SUGA of BTS,Jung Kook,1,2022,2,11,590,246376690,4,130,D,Minor,51
Boyfriend,Dove Cameron,1,2022,2,11,3766,496311364,76,180,G,Minor,35
The Joker And The Queen feat Taylor Swift,Ed Sheeran Taylor Swift,2,2022,2,11,1430,146789379,46,134,nan,Major,53
The Next Episode,Dr Dre Snoop Dogg,2,1999,1,1,31762,843309044,142,95,D,Minor,92
Light Switch,Charlie Puth,1,2022,1,19,4049,500340342,119,184,F,Major,69
City of Gods,Kanye West Alicia Keys Fivio Foreign,3,2022,2,11,2096,107255472,34,147,G,Minor,47
Brividi,Mahmood Blanco,2,2022,2,2,1175,135079152,34,123,G,Major,52
Lost,Frank Ocean,1,2012,1,1,29499,822239726,124,123,A,Minor,91
In Da Club,50 Cent,1,2002,1,1,30427,1202722675,235,90,F,Minor,90
shes all i wanna be,Tate McRae,1,2022,2,4,2711,343197054,105,160,D,Minor,61
Ginseng Strip 2002,Yung Lean,1,2013,8,16,4310,240769997,13,115,C,Major,60
All For Us  from the HBO Original Series Euphoria,Labrinth Zendaya,2,2019,8,4,5342,426204830,33,141,D,Major,37
Notion,The Rare Occasions,1,2016,8,5,2393,421135627,22,160,A,Major,31
Formula,Labrinth,1,2019,10,4,3444,554875730,24,145,B,Major,57
Mount Everest,Labrinth,1,2019,6,21,5443,467727006,45,89,nan,Minor,46
Excuses,Intense AP Dhillon Gurinder Gill,3,2020,7,24,272,327498031,7,95,F,Minor,84
Cigarettes,Juice WRLD,1,2021,12,10,975,185408548,11,160,D,Major,60
Cay La Noche feat Cruz Cafun Abhir Hathi Bejo EL IMA,Quevedo La Pantera Juseph Cruz Cafun Bjo Abhir Hathi,7,2022,1,14,1034,245400167,19,174,F,Minor,67
California Love  Original Version Explicit,Dr Dre 2Pac Roger,3,1995,12,28,18773,579395142,128,92,G,Major,77
Forgot About Dre,Eminem Dr Dre,2,1999,1,1,19067,675039469,78,134,G,Major,93
Down Under feat Colin Hay,Luude Colin Hay,2,2021,11,19,3541,252871192,57,172,B,Minor,31
Mujeriego,Ryan Castro,1,2021,12,17,1492,231996128,44,80,A,Major,76
HUMBLE,Kendrick Lamar,1,2017,3,30,33206,1929770265,284,150,C,Minor,91
Stan,Eminem Dido,2,1999,11,21,17115,918915401,83,80,F,Minor,78
Contection,GODZZ Zakaria,2,2020,1,16,6955,1180896317,65,166,A,Minor,81
Swim,Chase Atlantic,1,2017,10,4,2742,498960285,5,120,G,Major,67
A Tu Merced,Bad Bunny,1,2020,2,29,4214,685071800,21,92,nan,Major,86
Numb Little Bug,Em Beihold,1,2022,1,28,2026,258714692,47,85,G,Minor,74
212,Mainstreet Chefin,2,2022,1,15,352,143139338,10,154,D,Minor,79
Problem,Alvaro Diaz Rauw Alejandro,2,2021,10,22,1517,209768491,42,92,D,Minor,73
Bussin,Nicki Minaj Lil Baby,2,2022,2,11,847,64714573,25,140,B,Major,89
Worst Day,Future,1,2022,2,11,910,50746620,20,89,C,Major,65
Malvada,Z Fe,1,2022,1,28,601,154119539,28,135,F,Minor,89
Hrs and Hrs,Muni Long,1,2021,11,19,1800,181328253,43,140,G,Minor,51
Alien Blues,Vundabar,1,2015,7,24,1930,370068639,3,82,D,Major,47
Thinking Out Loud,Ed Sheeran,1,2014,1,1,33032,2280566092,363,79,D,Major,78
Still Dont Know My Name,Labrinth,1,2019,10,4,6332,563902868,47,88,F,Major,31
Christmas Tree,V,1,2021,12,24,509,317622165,8,139,F,Major,44
Mal Feito  Ao Vivo,Marlia Mendona Hugo  G,2,2022,1,14,971,291709698,35,124,nan,Minor,73
When I RIP,Labrinth,1,2019,10,4,2578,203680270,8,80,G,Minor,39
Do We Have A Problem,Nicki Minaj Lil Baby,2,2022,2,4,1064,81350745,42,120,C,Minor,84
Forever,Labrinth,1,2019,10,4,3618,282883169,21,80,E,Minor,56
Gospel with Eminem,Eminem Dr Dre,2,2022,2,4,1040,64787943,8,117,C,Major,92
Seo,Shawn Mendes Camila Cabello,2,2019,6,19,15010,2484812918,453,117,A,Minor,76
NEW MAGIC WAND,Tyler The Creator,2,2019,5,16,4708,461437791,13,140,F,Minor,62
Adore You,Harry Styles,1,2019,12,6,13454,1439191367,246,99,G,Major,68
La Santa,Daddy Yankee Bad Bunny,2,2020,2,29,4890,759208783,52,93,C,Major,74
Something In The Way  Remastered 2021,Nirvana,1,1991,9,24,9514,368646862,45,106,G,Major,44
Sweetest Pie,Dua Lipa Megan Thee Stallion,2,2022,3,11,3501,299634472,69,124,G,Major,81
Bam Bam feat Ed Sheeran,Camila Cabello Ed Sheeran,2,2022,3,4,6111,756907987,185,95,G,Major,76
Una Noche en Medell,Cris Mj,1,2022,1,21,5415,682475162,46,96,A,Minor,87
Envolver,Anitta,1,2021,11,11,4673,546191065,123,92,E,Minor,81
Starlight,Dave,1,2022,3,3,1856,229473310,29,124,G,Major,95
HatiHati di Jalan,Tulus,1,2022,3,3,200,202677468,12,72,F,Major,64
Im Tired  From Euphoria An Original HBO Series,Labrinth,1,2022,2,4,1888,121913181,26,71,nan,Minor,28
DANA,Mc Pedrinho Pedro Sampaio,2,2022,2,1,911,208166039,45,135,A,Minor,78
Yo Voy feat Daddy Yankee,Zion  Lennox,1,2004,5,4,2954,527033089,18,95,A,Major,81
Residente Bzrp Music Sessions Vol 49,Residente Bizarrap,2,2022,3,3,461,94616487,7,71,C,Minor,59
Jordan,Ryan Castro,1,2021,4,30,2844,394030335,29,180,A,Minor,80
Nail Tech,Jack Harlow,1,2022,2,18,2939,193443895,42,150,E,Minor,65
Chale,Eden Mu,1,2022,2,18,695,299648208,16,189,G,Major,55
DARARI,Treasure,1,2022,2,15,328,182978249,10,85,nan,Major,72
Ya No Somos Ni Seremos,Christian Nodal,1,2022,2,18,866,319757142,27,140,G,Major,59
Thinking with My Dick,Kevin Gates Juicy J,2,2013,7,16,1550,109091573,0,81,nan,Major,77
Freaky Deaky,Tyga Doja Cat,2,2022,2,25,1729,153240879,26,104,D,Minor,80
this is what falling in love feels like,JVKE,1,2021,9,3,2005,346127840,16,129,B,Major,42
La Zona,Bad Bunny,1,2020,2,29,1188,312622938,13,94,C,Minor,76
Bohemian Rhapsody  Remastered 2011,Queen,1,1975,10,31,40112,2197010679,321,71,nan,Minor,41
Hope,XXXTENTACION,1,2018,3,16,3659,1200808494,11,146,A,Minor,59
Levitating,Dua Lipa,1,2020,3,27,9833,797196073,233,103,F,Minor,69
Wake Me Up  Radio Edit,Avicii,1,2013,1,1,50887,1970673297,315,124,D,Major,53
jealousy jealousy,Olivia Rodrigo,1,2021,5,21,3257,665765558,10,164,A,Minor,70
Mony so,YEAT,1,2021,9,10,1473,263779030,2,138,D,Major,69
Demasiadas Mujeres,C Tangana,1,2020,10,8,2226,339473453,36,126,A,Minor,67
Something Just Like This,The Chainsmokers Coldplay,2,2017,2,22,23375,2204080728,336,103,B,Minor,61
Closer,The Chainsmokers Halsey,2,2016,5,31,28032,2591224264,315,95,G,Major,75
OO,NMIXX,1,2022,2,22,290,135444283,9,200,B,Minor,39
Somebody That I Used To Know,Gotye Kimbra,2,2011,1,1,42798,1457139296,217,129,nan,Major,86
Toms Diner,AnnenMayKantereit Giant Rooks,2,2019,6,28,2605,236872197,15,98,F,Minor,68
First Class,Jack Harlow,1,2022,4,8,8737,694525298,163,107,G,Major,91
Plan A,Paulo Londra,1,2022,3,23,1105,240661097,32,174,nan,Major,58
Fuera del mercado,Danny Ocean,1,2022,2,17,2499,421365166,68,92,G,Major,45
X LTIMA,Daddy Yankee Bad Bunny,2,2022,3,25,2697,349746291,55,90,G,Major,81
When Youre Gone,Shawn Mendes,1,2022,3,31,2092,255120451,75,147,F,Major,60
In My Head,Lil Tjay,1,2022,4,1,1185,190981339,21,143,C,Major,68
Wait a Minute,Willow,1,2015,1,11,11985,924193303,79,101,D,Minor,76
LOVE DIVE,IVE,1,2022,4,5,753,305771063,28,118,C,Minor,70
Pantysito,Feid Alejo Robi,3,2022,3,18,2995,273005485,49,98,G,Minor,83
Chance,Paulo Londra,1,2022,4,6,225,89566512,11,138,C,Minor,72
Cool for the Summer,Demi Lovato,1,2015,1,1,9243,677389855,155,114,F,Minor,59
psychofreak feat WILLOW,Camila Cabello Willow,2,2022,4,7,918,75476209,24,180,G,Minor,63
Angel Baby,Troye Sivan,1,2021,9,9,1959,408843328,52,145,B,Major,56
Vampiro,Matu Wiu ,3,2022,1,30,540,187772591,26,115,G,Minor,78
Si Quieren Frontear,De La Ghetto Duki Quevedo,3,2022,3,31,859,178512385,14,82,A,Major,79
Right On,Lil Baby,1,2022,4,8,1116,101780047,31,166,D,Major,70
Me Arrepent,Ak420 Cris Mj Pailita,3,2022,3,30,273,118381354,12,92,nan,Major,86
Thats Hilarious,Charlie Puth,1,2022,4,8,686,146363130,11,108,F,Major,71
Soy El Unico,Yahritza Y Su Esencia,1,2022,3,25,226,126443991,5,84,E,Minor,71
RUMBAT,Daddy Yankee,1,2022,3,25,1264,157990698,20,95,D,Minor,69
sentaDONA Remix s2,Lusa Sonza MC Frog Dj Gabriel do Borel Davi K,4,2022,3,17,870,176290831,32,135,D,Minor,93
Falling,Harry Styles,1,2019,12,13,7556,1023187129,124,110,E,Major,57
Sigue,Ed Sheeran J Balvin,2,1996,11,24,1370,106933107,46,88,G,Major,89
Fim de Semana no Rio,teto,1,2022,3,30,315,139193812,27,119,C,Minor,87
MANIAC,Stray Kids,1,2022,3,18,651,212234990,6,120,C,Major,58
Theres Nothing Holdin Me Back,Shawn Mendes,1,2016,9,23,12382,1714490998,229,122,D,Major,86
IDGAF with blackbear,Blackbear BoyWithUke,2,2022,3,18,625,197643795,10,98,F,Major,78
Golden,Harry Styles,1,2019,12,13,8429,807015863,85,140,E,Minor,45
Get Lucky  Radio Edit,Pharrell Williams Nile Rodgers Daft Punk,3,2013,1,1,52898,933815613,203,116,F,Minor,79
Aint Shit,Doja Cat,1,2021,6,25,3436,499710590,32,124,D,Major,86
Nobody Like U  From Turning Red,Jordan Fisher Josh Levi Finneas OConnell 4TOWN From Disney and Pixars Turning Red Topher Ngo Grayson Vill,6,2022,2,25,918,120847157,34,105,A,Minor,91
Still Life,BIGBANG,1,2022,4,5,181,53909146,16,118,G,Major,68
Photograph,Ed Sheeran,1,2014,6,20,18778,2236667932,228,108,E,Major,61
Love Yourself,Justin Bieber,1,2015,11,9,22730,2123309722,289,100,E,Major,61
N95,Kendrick Lamar,1,2022,5,13,5542,301242089,52,140,D,Minor,81
About Damn Time,Lizzo,1,2022,4,14,9021,723894473,242,109,A,Minor,84
Die Hard,Kendrick Lamar Blxst Amanda Reifer,3,2022,5,13,4627,237351106,38,101,C,Minor,78
Despus de la P,Bad Bunny,1,2022,5,6,2229,461558540,27,78,F,Major,56
Un Ratito,Bad Bunny,1,2022,5,6,1112,417230415,7,93,nan,Minor,79
United In Grief,Kendrick Lamar,1,2022,5,13,2575,156898322,4,87,G,Major,52
Father Time feat Sampha,Kendrick Lamar Sampha,2,2022,5,13,3107,127309180,4,153,A,Minor,55
Yo No Soy Celoso,Bad Bunny,1,2022,5,6,1179,313113297,7,142,nan,Major,87
Rich Spirit,Kendrick Lamar,1,2022,5,13,3486,173702135,20,96,A,Minor,85
Cooped Up with Roddy Ricch,Post Malone Roddy Ricch,2,2022,5,12,2942,271666301,42,125,nan,Major,50
Me Fui de Vacaciones,Bad Bunny,1,2022,5,6,1443,305650299,9,85,A,Major,71
Silent Hill,Kendrick Lamar Kodak Black,2,2022,5,13,3028,123216717,22,140,C,Minor,92
La Corriente,Tony Dize Bad Bunny,2,2022,5,6,1796,479655659,8,196,B,Minor,66
Count Me Out,Kendrick Lamar,1,2022,5,13,2729,126191104,3,134,G,Major,78
Andrea,Buscabulla Bad Bunny,2,2022,5,6,1195,344055883,8,103,C,Minor,80
Dos Mil 16,Bad Bunny,1,2022,5,6,892,338422004,10,130,C,Major,82
We Cry Together,Kendrick Lamar Taylour Paige,2,2022,5,13,1635,68895644,4,108,B,Major,65
Savior,Kendrick Lamar Sam Dew Baby Keem,3,2022,5,13,2291,86176890,9,123,G,Major,61
Un Coco,Bad Bunny,1,2022,5,6,1029,403231558,5,152,B,Major,84
Otro Atardecer,Bad Bunny The Mar,2,2022,5,6,1681,319546754,10,108,D,Major,78
Worldwide Steppers,Kendrick Lamar,1,2022,5,13,1480,61739839,1,72,A,Minor,56
Aguacero,Bad Bunny,1,2022,5,6,829,283359161,4,121,F,Minor,86
Purple Hearts,Kendrick Lamar Ghostface Killah Summer Walker,3,2022,5,13,2308,76831876,7,138,D,Minor,57
Un Verano Sin Ti,Bad Bunny,1,2022,5,6,1004,283332261,8,188,F,Minor,50
ULTRA SOLO,Polima WestCoast Pailita,2,2022,2,14,1367,307752576,48,110,C,Major,80
Ensame ,Bad Bunny,1,2022,5,6,1112,279737940,7,105,G,Major,81
El Apag,Bad Bunny,1,2022,5,6,1209,212351890,9,118,G,Major,63
Callaita,Bad Bunny Tainy,2,2019,5,31,9539,1304313953,162,176,D,Major,61
Dua Lipa,Jack Harlow,1,2022,5,6,1992,150500965,35,158,B,Major,83
Agosto,Bad Bunny,1,2022,5,6,897,246127838,6,115,C,Minor,85
House Of Memories,Panic At The Disco,1,2016,1,15,2948,582863434,10,110,B,Minor,51
Mr Morale,Kendrick Lamar Tanna Leone,2,2022,5,13,1860,58687425,1,174,A,Major,73
That That prod  feat SUGA of BTS,PSY Suga,2,2022,4,29,802,212109195,16,130,E,Major,91
In The Stars,Benson Boone,1,2022,4,29,2224,382199619,48,78,A,Major,36
Rich  Interlude,Kendrick Lamar,1,2022,5,13,1103,41210087,0,104,G,Major,44
SUPERMODEL,Mne,1,2022,5,13,2265,231657891,93,121,G,Major,64
Stefania Kalush Orchestra,KALUSH,1,2022,3,10,555,53729194,10,105,D,Major,83
Thousand Miles,The Kid Laroi,1,2022,4,22,2050,244741137,52,81,G,Major,38
Crown,Kendrick Lamar,1,2022,5,13,1493,42485571,2,170,C,Minor,37
Auntie Diaries,Kendrick Lamar,1,2022,5,13,1545,37778188,1,78,G,Major,43
PUFFIN ON ZOOTIEZ,Future,1,2022,4,29,2350,254218729,28,125,G,Major,88
Mirror,Kendrick Lamar,1,2022,5,13,1929,53603447,2,92,E,Minor,66
Beautiful Girl,Luciano,1,2022,4,22,710,160035717,16,140,B,Minor,84
Paulo Londra Bzrp Music Sessions Vol 23,Bizarrap Paulo Londra,2,2022,4,25,928,164163229,19,96,nan,Major,61
Savior  Interlude,Kendrick Lamar,1,2022,5,13,1194,37091576,0,118,F,Minor,66
Pasoori,Shae Gill Ali Sethi,2,2022,2,6,349,284249832,10,92,B,Minor,71
Mother I Sober feat Beth Gibbons of Portishead,Kendrick Lamar Beth Gibbons,2,2022,5,13,1890,33381454,3,140,G,Minor,49
TUS LGR,Sech Mora,2,2022,4,1,1308,184622518,23,174,C,Major,68
Where Did You Go,MNEK Jax Jones,2,2022,1,26,4531,300983101,135,127,A,Major,77
I Tried to Tell Yall,Ugly Dray Tesla Jnr,2,2022,5,6,1657,121077868,15,96,B,Major,71
Honest feat Don Toliver,Justin Bieber Don Toliver,2,2022,4,29,1351,106919680,26,150,G,Minor,82
ZOOM,Jessi,1,2022,4,13,608,136996305,5,100,F,Major,87
SloMo,Chanel,1,2021,12,24,1211,65719930,31,105,C,Minor,73
FEARLESS,LE SSERAFIM,1,2022,5,2,629,229497852,18,104,G,Major,86
10 Things I Hate About You,Leah Kate,1,2022,3,23,1301,185550869,23,154,G,Major,54
SPACE MAN,Sam Ryder,1,2022,2,22,1329,54682594,42,80,B,Major,47
With you,HA SUNG WOON Jimin,2,2022,4,24,343,240580042,4,150,D,Major,53
Iris,The Goo Goo Dolls,1,1998,3,31,13101,1284942608,137,156,B,Minor,32
The Heart Part 5,Kendrick Lamar,1,2022,5,8,2939,71423324,29,98,G,Minor,76
San Lucas,Kevin Kaarl,1,2019,11,7,407,244891912,5,92,G,Major,58
This Love Taylors Ve,Taylor Swift,1,2022,5,6,1492,132171975,26,144,E,Major,47
Good Looking,Suki Waterhouse,1,2017,10,20,2264,184706613,11,150,E,Major,37
Flowers,Lauren Spencer Smith,1,2021,8,9,801,184826429,42,138,D,Major,70
Yet To Come,BTS,1,2022,6,10,829,302006641,32,172,C,Major,56
Run BTS,BTS,1,2022,6,10,736,330881149,5,77,G,Major,72
Music For a Sushi Restaurant,Harry Styles,1,2022,5,20,4449,334733572,80,107,B,Major,72
Matilda,Harry Styles,1,2022,5,20,3218,366214458,29,114,D,Major,51
For Youth,BTS,1,2022,6,10,327,114546317,5,117,D,Major,63
Daylight,Harry Styles,1,2022,5,20,2775,290833204,21,146,nan,Major,69
Vegas From the Original Motion Picture Soundtrack ELVIS,Doja Cat,1,2022,5,6,4576,448500832,79,160,G,Minor,80
Cash In Cash Out,Pharrell Williams Tyler The Creator 21 Savage,4,2022,6,10,2313,136676504,34,120,G,Major,88
Potion with Dua Lipa  Young Thug,Calvin Harris Dua Lipa Young Thug,3,2022,5,27,3983,190625045,73,100,B,Minor,82
Born Singer,BTS,1,2022,6,10,279,79095270,0,158,G,Minor,60
Little Freak,Harry Styles,1,2022,5,20,2302,273194684,20,142,D,Major,56
La Llevo Al Cielo Ft engo F,Nengo Flow Anuel Aa Chris Jedi Chencho Corleone,4,2022,5,20,3559,333146475,36,170,A,Minor,80
True Love,Kanye West XXXTENTACION,2,2022,5,27,2129,194902696,23,84,F,Minor,71
Satellite,Harry Styles,1,2022,5,20,3291,311482393,43,139,nan,Major,58
Pass The Dutchie,Musical Youth,1,1982,1,1,5328,195918494,54,151,G,Major,73
Villano Antillano Bzrp Music Sessions Vol 51,Bizarrap Villano Antillano,2,2022,6,8,1401,248511839,26,128,C,Minor,82
Love Of My Life,Harry Styles,1,2022,5,20,1933,233671263,13,118,G,Major,56
Grapejuice,Harry Styles,1,2022,5,20,1986,199587884,7,183,F,Major,65
So Good,Halsey,1,2022,6,9,1057,91781263,51,83,D,Minor,63
Belly Dancer,BYOR Imanbek,2,2022,2,18,5115,383835984,109,122,C,Major,85
Keep Driving,Harry Styles,1,2022,5,20,2094,236060709,8,165,A,Major,72
Cinema,Harry Styles,1,2022,5,20,2171,189236868,18,106,A,Minor,83
Die Young feat 347aidan,Sleepy hallow 347aidan,2,2022,5,25,896,160845341,19,77,B,Major,81
Only Love Can Hurt Like This,Paloma Faith,1,2014,1,1,5148,588955257,90,91,G,Major,57
Hold My Hand,Lady Gaga,1,2022,5,3,2528,238350348,63,148,G,Major,51
Daydreaming,Harry Styles,1,2022,5,20,1900,187703102,15,114,E,Minor,71
Numb,Marshmello Khalid,2,2022,6,10,3879,295307001,107,120,nan,Minor,91
Nos Comemos feat Ozuna,Ozuna Tiago pzk,2,2022,6,2,896,138334433,0,92,F,Major,83
Me and Your Mama,Childish Gambino,1,2016,11,10,8775,445590495,33,118,F,Major,56
Crazy What Love Can Do,David Guetta Ella Henderson Becky Hill,3,2022,3,18,5290,286739476,139,123,E,Minor,60
SLOW DANCING IN THE DARK,Joji,1,2018,9,12,10211,1122364376,38,89,D,Major,52
Antes de Perderte,Duki,1,2022,6,2,584,157136970,12,110,F,Minor,81
Boyfriends,Harry Styles,1,2022,5,20,1517,137070925,26,118,nan,Major,42
295,Sidhu Moose Wala,1,2021,5,15,246,183273246,4,90,B,Minor,68
Tak Ingin Usai,Keisya Levronka,1,2022,5,13,220,184807630,16,130,nan,Major,49
En El Radio Un Cochinero,Victor Cibrian,1,2022,5,13,514,164856284,5,154,F,Minor,70
Master of Puppets Remastered,Metallica,1,1986,3,3,6080,704171068,112,105,E,Minor,54
BREAK MY SOUL,Beyonc,1,2022,6,21,9724,354614964,222,115,C,Minor,70
ULTRA SOLO REMIX,De La Ghetto Feid Polima WestCoast Paloma Mami Pailita,5,2022,6,16,2341,279717388,37,110,C,Major,91
Massive,Drake,1,2022,6,17,5263,195628667,66,125,E,Minor,51
Betty Get Money,Yung Gravy,1,2022,6,10,2402,221752937,45,102,C,Major,73
Ojos Marrones,Lasso,1,2022,2,6,795,263280370,26,120,G,Minor,81
POP,Nayeon,1,2022,6,24,571,213505179,19,97,D,Major,80
Layla,Schrze DJ R,2,2022,3,24,832,130419412,18,140,F,Minor,44
MORE,jhope,1,2022,7,1,565,155795783,6,97,D,Major,78
Sweet Child O Mine,Guns N Roses,1,1987,1,1,41231,1553497987,228,125,F,Major,45
Last Last,Burna Boy,1,2022,5,12,4526,293466523,156,88,D,Minor,80
SNAP,Rosa Linn,1,2022,3,19,1818,711366595,3,170,nan,Major,56
Sticky,Drake,1,2022,6,17,2814,191448892,38,137,A,Minor,88
Hot Shit feat Ye  Lil Durk,Kanye West Lil Durk Cardi B,3,2022,7,1,1601,85924992,11,157,A,Major,88
Ai Preto,L7nnon DJ Biel do Furduncinho Bianca,3,2022,6,3,894,176103902,28,130,F,Major,95
La Loto,Anitta Tini Becky G,3,2022,7,6,945,121189256,49,90,C,Major,85
die first,Nessa Barrett,1,2022,6,24,767,131746175,25,183,G,Minor,44
Afraid To Feel,LF System,1,2022,5,2,5898,244790012,129,128,C,Major,58
Baile no Morro,Mc Vitin Da Igrejinha MC Tairon DJ Win,3,2022,6,10,685,129314708,17,130,D,Minor,71
cmo dormi,Rels B,1,2022,8,4,1452,331511413,16,126,C,Major,63
Bad Decisions with BTS  Snoop Dogg,Snoop Dogg BTS Benny Blanco,3,2022,8,5,1456,219196651,53,120,nan,Major,77
STAYING ALIVE feat Drake  Lil Baby,Drake DJ Khaled Lil Baby,3,2022,8,5,2107,170732845,51,130,E,Minor,72
Caile,Luar La L,1,2020,12,18,1494,273914335,17,122,nan,Major,70
Si Te La Encuentras Por Ah,Feid,1,2022,8,5,1379,179061440,23,172,G,Minor,74
GIVENCHY,Duki,1,2022,7,20,625,185236961,13,103,G,Major,61
ALIEN SUPERSTAR,Beyonc,1,2022,7,29,2688,171788484,39,122,A,Minor,55
Mary On A Cross,Ghost,1,2019,9,13,2668,387080183,38,130,B,Major,47
Attention,NewJeans,1,2022,8,1,799,264717480,14,105,A,Minor,81
THE SHADE,Rex Orange County,1,2022,3,11,1189,244928911,17,120,F,Major,90
Come Back Home  From Purple Hearts,Sofia Carson,1,2022,7,12,367,97610446,28,145,G,Major,56
El Rescate,Grupo Marca Registrada Junior H,2,2022,7,22,527,287278853,10,99,G,Minor,79
Heartless,Kanye West,1,2008,1,1,17504,887906111,63,88,A,Minor,79
Stay With Me with Justin Timberlake Halsey  Pharrell,Calvin Harris Halsey Pharrell Williams Justin Timberlake,4,2022,7,15,3113,123473120,54,126,A,Major,81
Siempre Pendientes,Peso Pluma Luis R Conriquez,2,2022,8,15,685,295152154,15,136,nan,Major,77
JGL,Luis R Conriquez La Adictiva,2,2022,2,18,782,323455692,15,113,G,Major,70
Dont You Worry,David Guetta Shakira Black Eyed Peas,3,2022,6,16,2442,240918092,81,132,B,Major,82
Pipoco,Melody Ana Castela Dj Chris No Beat,3,2022,5,20,1112,191873381,22,135,G,Major,77
Hold Me Closer,Elton John Britney Spears,2,2017,11,10,4967,284216603,165,126,nan,Major,67
Forget Me,Lewis Capaldi,1,2022,9,9,2520,239411309,93,102,C,Minor,67
After LIKE,IVE,1,2022,8,22,767,265548837,20,125,nan,Major,68
Bound 2,Kanye West,1,2013,1,1,19806,703301727,33,149,C,Major,37
BOTA Baddest Of Them All  Edit,Interplanetary Criminal Eliza Rose,2,2022,6,15,5153,244585109,102,137,nan,Major,74
Talk that Talk,TWICE,1,2022,8,26,615,189476119,14,120,D,Minor,77
BILLIE EILISH,Armani White,1,2022,1,20,2537,277132266,49,100,C,Major,90
Ferxxo 100,Feid,1,2022,6,3,1647,278920007,20,164,G,Minor,70
KU LO SA  A COLORS SHOW,Oxlade,1,2022,6,10,2019,222410722,117,93,A,Minor,65
Prohibidox,Feid,1,2022,9,13,1473,185392587,25,180,C,Minor,65
Static,Steve Lacy,1,2022,7,15,1613,202452860,21,79,C,Major,34
The Scientist,Coldplay,1,2002,8,5,30992,1608164312,124,146,F,Major,56
Sparks,Coldplay,1,2000,7,10,10826,624101957,24,103,C,Major,37
Talk,YEAT,1,2022,9,2,920,148461629,10,140,E,Minor,70
XQ Te Pones As,Yandel Feid,2,2022,9,13,308,47093942,6,92,A,Major,81
Selfish,PnB Rock,1,2016,6,23,2468,380319238,15,102,C,Minor,64
Sin Se,Ovy On The Drums Quevedo,2,2022,7,22,1097,209106362,18,118,B,Minor,82
Lady Mi Amor,Feid,1,2022,9,13,330,53987404,3,93,D,Major,78
Poland,Lil Yachty,1,2022,6,23,1584,115331792,38,150,F,Minor,70
THE LONELIEST,Mne,1,2022,10,7,1585,225093344,78,130,D,Major,52
Bye Bye,Marshmello Juice WRLD,2,2022,10,14,766,84697729,16,83,D,Minor,65
BABY OTAKU,Fran C Polima WestCoast Nickoog Clk Pablito Pesadilla,4,2022,8,18,836,159240673,14,102,A,Major,84
Nxde,GIDLE,1,2022,10,17,430,170709584,14,136,E,Minor,73
Miss You,Southstar,1,1982,5,16,2020,154356956,77,145,A,Major,66
we fell in love in october,girl in red,1,2018,11,21,6858,723043854,31,130,G,Major,57
2 Be Loved Am I Ready,Lizzo,1,2022,7,14,3682,247689123,41,156,G,Major,72
Celestial,Ed Sheeran,1,2022,9,29,1639,176474912,86,123,D,Major,57
Typa Girl,BLACKPINK,1,2022,9,16,452,235549288,2,132,G,Major,92
I Really Want to Stay at Your House,Rosa Walton Hallie Coggins,2,2020,12,18,668,140430339,0,125,D,Minor,49
California Breeze,Lil Baby,1,2022,10,14,991,85559365,36,162,F,Minor,74
Bamba feat Aitch  BIA,Luciano Aitch B,3,2022,9,22,869,146223492,14,138,A,Major,80
Casei Com a Putaria,MC Ryan SP Love Funk Mc Paiva ZS,3,2022,7,1,648,187701588,0,161,A,Minor,59
Major Distribution,Drake 21 Savage,2,2022,11,4,1545,154863153,22,131,G,Minor,91
Pussy  Millions feat Travis Scott,Drake Travis Scott 21 Savage,3,2022,11,4,1930,191333656,24,122,E,Minor,75
Vigilante Shit,Taylor Swift,1,2022,10,21,1948,253650850,12,80,E,Minor,80
Question,Taylor Swift,1,2022,10,21,1608,223064273,10,109,G,Major,75
On BS,Drake 21 Savage,2,2022,11,4,1338,170413877,9,158,A,Major,84
Mastermind,Taylor Swift,1,2022,10,21,1936,218320587,7,126,E,Major,66
Circo Loco,Drake 21 Savage,2,2022,11,4,1794,141720999,26,104,C,Major,73
Labyrinth,Taylor Swift,1,2022,10,21,1597,187339835,6,110,nan,Major,48
Spin Bout U,Drake 21 Savage,2,2022,11,4,1652,198365537,26,130,G,Major,77
Sweet Nothing,Taylor Swift,1,2022,10,21,1747,186104310,9,177,nan,Major,34
Wouldve Couldve Shouldve,Taylor Swift,1,2022,10,21,1715,177503916,4,158,G,Major,48
Con La Brisa,Ludwig Goransson Foudeqush,2,2022,11,4,486,71095708,8,114,D,Minor,62
Privileged Rappers,Drake 21 Savage,2,2022,11,4,1007,112436403,6,144,F,Major,93
The Astronaut,Jin,1,2022,10,28,481,203436468,10,125,F,Major,54
BackOutsideBoyz,Drake,1,2022,11,4,1045,93367537,8,142,F,Minor,85
Broke Boys,Drake 21 Savage,2,2022,11,4,1060,106249219,3,120,D,Major,64
The Great War,Taylor Swift,1,2022,10,21,1274,181382590,1,96,F,Major,57
My Mind  Me,Selena Gomez,1,2022,11,3,953,91473363,61,144,A,Major,60
Bigger Than The Whole Sky,Taylor Swift,1,2022,10,21,1180,121871870,4,166,F,Major,42
A Veces feat Feid,Feid Paulo Londra,2,2022,11,3,573,73513683,2,92,C,Major,80
En La De Ella,Feid Sech Jhayco,3,2022,10,20,1320,133895612,29,97,C,Major,82
Alone,Burna Boy,1,2022,11,4,782,96007391,27,90,E,Minor,61
